-- InstrumentKB SQL Export (PostgreSQL Compatible)
-- Generated at: 2025-11-24T16:23:05.214Z
-- Version: 2.0
-- 
-- Instructions for importing:
-- 1. Create database: CREATE DATABASE instrumentkb;
-- 2. Run database migrations to create tables
-- 3. Import this file: psql -U postgres -d instrumentkb -f instrumentkb-export-XXXXX.sql
--
-- Or if you want to overwrite existing data:
-- psql -U postgres -d instrumentkb -c "TRUNCATE articles, manufacturers, variables_dict, documents, images, article_variables, analog_outputs, digital_io, article_protocols, modbus_registers, sdi12_commands, nmea_sentences, tags, provenance CASCADE;"
-- psql -U postgres -d instrumentkb -f instrumentkb-export-XXXXX.sql
--

BEGIN;

-- Disable triggers to avoid constraint issues during import
SET session_replication_role = replica;


-- manufacturers
INSERT INTO manufacturers (manufacturer_id, name, country, website, support_email, notes) VALUES (1, 'Generic', 'International', NULL, NULL, 'Fabricante genérico para artículos sin marca específica');
INSERT INTO manufacturers (manufacturer_id, name, country, website, support_email, notes) VALUES (2, 'Kipp & zonen', NULL, NULL, NULL, NULL);
INSERT INTO manufacturers (manufacturer_id, name, country, website, support_email, notes) VALUES (3, 'Kipp & zonen. B.V', NULL, NULL, NULL, NULL);
INSERT INTO manufacturers (manufacturer_id, name, country, website, support_email, notes) VALUES (4, 'Zipp & zonen B.V.', NULL, NULL, NULL, NULL);
INSERT INTO manufacturers (manufacturer_id, name, country, website, support_email, notes) VALUES (5, 'Kipp & zonen B.V', NULL, NULL, NULL, NULL);
INSERT INTO manufacturers (manufacturer_id, name, country, website, support_email, notes) VALUES (6, 'Zipp & zonen. B.V.', NULL, NULL, NULL, NULL);
INSERT INTO manufacturers (manufacturer_id, name, country, website, support_email, notes) VALUES (7, 'Zipp & zonen. B.V', NULL, NULL, NULL, NULL);
INSERT INTO manufacturers (manufacturer_id, name, country, website, support_email, notes) VALUES (8, 'Kipp & zenon. B.V.', NULL, NULL, NULL, NULL);
INSERT INTO manufacturers (manufacturer_id, name, country, website, support_email, notes) VALUES (9, 'Kipp & zenon. B.V', NULL, NULL, NULL, NULL);
INSERT INTO manufacturers (manufacturer_id, name, country, website, support_email, notes) VALUES (10, 'Adolf Thies Gmbh', NULL, NULL, NULL, NULL);
INSERT INTO manufacturers (manufacturer_id, name, country, website, support_email, notes) VALUES (11, 'Adolf Thies Gbh', NULL, NULL, NULL, NULL);
INSERT INTO manufacturers (manufacturer_id, name, country, website, support_email, notes) VALUES (12, 'LI-COR Biosciences GmbH', NULL, NULL, NULL, NULL);

-- variables_dict
INSERT INTO variables_dict (variable_id, name, unit_default, description) VALUES (1, 'Temperatura', '°C', 'Temperatura ambiente o de proceso');
INSERT INTO variables_dict (variable_id, name, unit_default, description) VALUES (2, 'Presión', 'bar', 'Presión de fluido o gas');
INSERT INTO variables_dict (variable_id, name, unit_default, description) VALUES (3, 'Humedad', '%RH', 'Humedad relativa');
INSERT INTO variables_dict (variable_id, name, unit_default, description) VALUES (4, 'Nivel', 'm', 'Nivel de líquido');
INSERT INTO variables_dict (variable_id, name, unit_default, description) VALUES (5, 'Caudal', 'L/min', 'Caudal volumétrico');
INSERT INTO variables_dict (variable_id, name, unit_default, description) VALUES (6, 'pH', 'pH', 'Potencial de hidrógeno');
INSERT INTO variables_dict (variable_id, name, unit_default, description) VALUES (7, 'Conductividad', 'µS/cm', 'Conductividad eléctrica');
INSERT INTO variables_dict (variable_id, name, unit_default, description) VALUES (8, 'ORP', 'mV', 'Potencial de oxidación-reducción');
INSERT INTO variables_dict (variable_id, name, unit_default, description) VALUES (9, 'Oxígeno disuelto', 'mg/L', 'Concentración de oxígeno disuelto');
INSERT INTO variables_dict (variable_id, name, unit_default, description) VALUES (10, 'Turbidez', 'NTU', 'Turbidez del agua');
INSERT INTO variables_dict (variable_id, name, unit_default, description) VALUES (11, 'Radiación', NULL, NULL);
INSERT INTO variables_dict (variable_id, name, unit_default, description) VALUES (12, 'Dirección', NULL, NULL);
INSERT INTO variables_dict (variable_id, name, unit_default, description) VALUES (13, 'Dirección Viento', NULL, NULL);
INSERT INTO variables_dict (variable_id, name, unit_default, description) VALUES (14, 'Velocidad Viento', NULL, NULL);
INSERT INTO variables_dict (variable_id, name, unit_default, description) VALUES (15, 'Precipitación Intensidad', NULL, NULL);
INSERT INTO variables_dict (variable_id, name, unit_default, description) VALUES (16, 'Luminosidad', NULL, NULL);
INSERT INTO variables_dict (variable_id, name, unit_default, description) VALUES (17, 'Temperatura Lluvia', NULL, NULL);
INSERT INTO variables_dict (variable_id, name, unit_default, description) VALUES (18, 'Dirección Luminosidad', NULL, NULL);
INSERT INTO variables_dict (variable_id, name, unit_default, description) VALUES (19, 'Luz Crepuscular', NULL, NULL);
INSERT INTO variables_dict (variable_id, name, unit_default, description) VALUES (20, 'Humedad Absoluta', NULL, NULL);
INSERT INTO variables_dict (variable_id, name, unit_default, description) VALUES (21, 'Precipitación Diaria', NULL, NULL);
INSERT INTO variables_dict (variable_id, name, unit_default, description) VALUES (30, 'Direccion Viento', NULL, NULL);
INSERT INTO variables_dict (variable_id, name, unit_default, description) VALUES (31, 'Humidity', NULL, NULL);
INSERT INTO variables_dict (variable_id, name, unit_default, description) VALUES (32, 'Temperature', NULL, NULL);
INSERT INTO variables_dict (variable_id, name, unit_default, description) VALUES (33, 'Velocidad', NULL, NULL);
INSERT INTO variables_dict (variable_id, name, unit_default, description) VALUES (34, 'Lluvia', NULL, NULL);
INSERT INTO variables_dict (variable_id, name, unit_default, description) VALUES (35, 'Concentración CO2', NULL, NULL);

-- articles
INSERT INTO articles (article_id, sap_itemcode, sap_description, article_type, category, family, subfamily, manufacturer_id, model, variant, power_supply_min_v, power_supply_max_v, power_consumption_typ_w, current_max_a, voltage_rating_v, ip_rating, dimensions_mm, weight_g, length_m, diameter_mm, material, color, oper_temp_min_c, oper_temp_max_c, storage_temp_min_c, storage_temp_max_c, oper_humidity_min_pct, oper_humidity_max_pct, altitude_max_m, emc_compliance, certifications, first_release_year, last_revision_year, discontinued, replacement_article_id, internal_notes, active, stock_location, min_stock, current_stock, created_at, updated_at) VALUES ('INS-32026024-670', '0374905-200', 'Piranómetro Smart Mod. SMP10, sin cable ni conector. 4 to 20 mA version', 'INSTRUMENTO', 'Radiación', 'Piranómetro', NULL, 3, 'SMP10', 'A', 5, 24, 0.065, 0.0125, 12, NULL, '150x150x93', 600, NULL, NULL, NULL, NULL, -40, 70, -40, 80, NULL, 100, NULL, NULL, 'CE, FCC, IC', NULL, NULL, FALSE, NULL, NULL, TRUE, NULL, NULL, NULL, '2025-11-12T07:20:26.024Z', '2025-11-12T07:37:14.305Z');
INSERT INTO articles (article_id, sap_itemcode, sap_description, article_type, category, family, subfamily, manufacturer_id, model, variant, power_supply_min_v, power_supply_max_v, power_consumption_typ_w, current_max_a, voltage_rating_v, ip_rating, dimensions_mm, weight_g, length_m, diameter_mm, material, color, oper_temp_min_c, oper_temp_max_c, storage_temp_min_c, storage_temp_max_c, oper_humidity_min_pct, oper_humidity_max_pct, altitude_max_m, emc_compliance, certifications, first_release_year, last_revision_year, discontinued, replacement_article_id, internal_notes, active, stock_location, min_stock, current_stock, created_at, updated_at) VALUES ('INS-17812390-338', '4.3519.00.150', 'Sensor de velocidad de viento - COMPACT', 'INSTRUMENTO', 'Velocidad Viento', 'Anemómetro', NULL, 10, '4.3519.X0.XX0', '4.3519.00.150', 3.3, 42, NULL, 0.001, NULL, NULL, '134x134x165', 750, NULL, NULL, NULL, NULL, -40, 70, NULL, NULL, NULL, NULL, NULL, NULL, NULL, NULL, NULL, FALSE, NULL, NULL, TRUE, NULL, NULL, NULL, '2025-11-14T10:56:52.399Z', '2025-11-14T11:04:02.981Z');
INSERT INTO articles (article_id, sap_itemcode, sap_description, article_type, category, family, subfamily, manufacturer_id, model, variant, power_supply_min_v, power_supply_max_v, power_consumption_typ_w, current_max_a, voltage_rating_v, ip_rating, dimensions_mm, weight_g, length_m, diameter_mm, material, color, oper_temp_min_c, oper_temp_max_c, storage_temp_min_c, storage_temp_max_c, oper_humidity_min_pct, oper_humidity_max_pct, altitude_max_m, emc_compliance, certifications, first_release_year, last_revision_year, discontinued, replacement_article_id, internal_notes, active, stock_location, min_stock, current_stock, created_at, updated_at) VALUES ('INS-35091180-602', '0374920-100', 'PIRANOMETRO INTELIGENTE SMP6-V, 0-1 V, sin cable ni conector', 'INSTRUMENTO', 'Radiación', 'Piranómetro', NULL, 3, 'SMP6', 'V', 5, 30, 0.065, 0.2, 12, NULL, '150x150x93', 600, NULL, NULL, NULL, NULL, -40, 80, -40, 80, NULL, 100, NULL, NULL, 'CE, FCC, IC', NULL, NULL, FALSE, NULL, NULL, TRUE, NULL, NULL, NULL, '2025-11-12T08:11:31.189Z', '2025-11-12T08:11:31.189Z');
INSERT INTO articles (article_id, sap_itemcode, sap_description, article_type, category, family, subfamily, manufacturer_id, model, variant, power_supply_min_v, power_supply_max_v, power_consumption_typ_w, current_max_a, voltage_rating_v, ip_rating, dimensions_mm, weight_g, length_m, diameter_mm, material, color, oper_temp_min_c, oper_temp_max_c, storage_temp_min_c, storage_temp_max_c, oper_humidity_min_pct, oper_humidity_max_pct, altitude_max_m, emc_compliance, certifications, first_release_year, last_revision_year, discontinued, replacement_article_id, internal_notes, active, stock_location, min_stock, current_stock, created_at, updated_at) VALUES ('INS-35688466-509', '0374920-200', 'PIRANÓMETRO INTELIGENTE SMP6-A, 4-20 mA, Sin cable ni conector', 'INSTRUMENTO', 'Radiación', 'Piranómetro', NULL, 3, 'SMP6', 'A', 5, 30, 0.1, 0.028, 12, NULL, '150x150x9.3', 600, NULL, NULL, NULL, NULL, -40, 70, -40, 80, NULL, 100, NULL, NULL, 'CE, FCC, IC', NULL, NULL, FALSE, NULL, NULL, TRUE, NULL, NULL, NULL, '2025-11-12T08:21:28.475Z', '2025-11-12T08:21:28.475Z');
INSERT INTO articles (article_id, sap_itemcode, sap_description, article_type, category, family, subfamily, manufacturer_id, model, variant, power_supply_min_v, power_supply_max_v, power_consumption_typ_w, current_max_a, voltage_rating_v, ip_rating, dimensions_mm, weight_g, length_m, diameter_mm, material, color, oper_temp_min_c, oper_temp_max_c, storage_temp_min_c, storage_temp_max_c, oper_humidity_min_pct, oper_humidity_max_pct, altitude_max_m, emc_compliance, certifications, first_release_year, last_revision_year, discontinued, replacement_article_id, internal_notes, active, stock_location, min_stock, current_stock, created_at, updated_at) VALUES ('INS-33006027-138', '0376900-202', 'PIRGEÓMETRO INTELIGENTE SGR-4 /4-20 mA/RS485 Modbus/10 METROS CABLE', 'INSTRUMENTO', 'Radiación', 'Pirgeómetro', NULL, 3, 'SGR4', 'A', 5, 30, 0.1, 0.028, 12, NULL, '150x150x76.5', 600, NULL, NULL, NULL, NULL, -40, 80, -40, 80, 0, 100, NULL, NULL, 'CE, FCC, IC', NULL, NULL, FALSE, NULL, NULL, TRUE, NULL, NULL, NULL, '2025-11-12T07:36:46.027Z', '2025-11-12T09:03:05.778Z');
INSERT INTO articles (article_id, sap_itemcode, sap_description, article_type, category, family, subfamily, manufacturer_id, model, variant, power_supply_min_v, power_supply_max_v, power_consumption_typ_w, current_max_a, voltage_rating_v, ip_rating, dimensions_mm, weight_g, length_m, diameter_mm, material, color, oper_temp_min_c, oper_temp_max_c, storage_temp_min_c, storage_temp_max_c, oper_humidity_min_pct, oper_humidity_max_pct, altitude_max_m, emc_compliance, certifications, first_release_year, last_revision_year, discontinued, replacement_article_id, internal_notes, active, stock_location, min_stock, current_stock, created_at, updated_at) VALUES ('TLS-48931558-757', '0378910-000', 'CVF4 Unidad de ventilación, sin cable ni conector', 'SOPORTE', 'Ventilación', NULL, NULL, 3, 'CVF4', NULL, 11, 13, 13, 1.1, 12, NULL, '210x178x126', 1600, NULL, NULL, NULL, NULL, -40, 70, -40, 70, NULL, NULL, NULL, NULL, NULL, NULL, NULL, FALSE, NULL, NULL, TRUE, NULL, NULL, NULL, '2025-11-12T12:02:11.567Z', '2025-11-12T12:54:37.327Z');
INSERT INTO articles (article_id, sap_itemcode, sap_description, article_type, category, family, subfamily, manufacturer_id, model, variant, power_supply_min_v, power_supply_max_v, power_consumption_typ_w, current_max_a, voltage_rating_v, ip_rating, dimensions_mm, weight_g, length_m, diameter_mm, material, color, oper_temp_min_c, oper_temp_max_c, storage_temp_min_c, storage_temp_max_c, oper_humidity_min_pct, oper_humidity_max_pct, altitude_max_m, emc_compliance, certifications, first_release_year, last_revision_year, discontinued, replacement_article_id, internal_notes, active, stock_location, min_stock, current_stock, created_at, updated_at) VALUES ('INS-38903461-894', '0368900-030', 'Pirheliometro CHP-1, Pt100, 10K, sin cable y sin conector', 'INSTRUMENTO', 'Radiación', 'pirheliómetro', NULL, 3, 'CHP1', NULL, NULL, NULL, NULL, NULL, NULL, NULL, '322x74x76', 1000, NULL, NULL, NULL, NULL, -40, 80, -40, 80, 0, 100, NULL, NULL, NULL, NULL, NULL, FALSE, NULL, NULL, TRUE, NULL, NULL, NULL, '2025-11-12T09:15:03.470Z', '2025-11-12T09:54:49.965Z');
INSERT INTO articles (article_id, sap_itemcode, sap_description, article_type, category, family, subfamily, manufacturer_id, model, variant, power_supply_min_v, power_supply_max_v, power_consumption_typ_w, current_max_a, voltage_rating_v, ip_rating, dimensions_mm, weight_g, length_m, diameter_mm, material, color, oper_temp_min_c, oper_temp_max_c, storage_temp_min_c, storage_temp_max_c, oper_humidity_min_pct, oper_humidity_max_pct, altitude_max_m, emc_compliance, certifications, first_release_year, last_revision_year, discontinued, replacement_article_id, internal_notes, active, stock_location, min_stock, current_stock, created_at, updated_at) VALUES ('SOP-43278213-280', '0367900-001', 'SEGUIDOR SOLAR SOLYS2 • Incluye Trípode de Montaje', 'SOPORTE', 'Seguidor solar automático', 'Soporte', 'Seguidor solar', 7, 'SOLYS2', NULL, 18, 30, 21, NULL, 24, NULL, '50x34x38', 28000, NULL, NULL, 'aluminio', NULL, -20, 50, NULL, NULL, NULL, NULL, NULL, NULL, 'CE,FCC', NULL, NULL, FALSE, NULL, NULL, TRUE, NULL, NULL, NULL, '2025-11-12T10:27:58.213Z', '2025-11-12T10:51:00.012Z');
INSERT INTO articles (article_id, sap_itemcode, sap_description, article_type, category, family, subfamily, manufacturer_id, model, variant, power_supply_min_v, power_supply_max_v, power_consumption_typ_w, current_max_a, voltage_rating_v, ip_rating, dimensions_mm, weight_g, length_m, diameter_mm, material, color, oper_temp_min_c, oper_temp_max_c, storage_temp_min_c, storage_temp_max_c, oper_humidity_min_pct, oper_humidity_max_pct, altitude_max_m, emc_compliance, certifications, first_release_year, last_revision_year, discontinued, replacement_article_id, internal_notes, active, stock_location, min_stock, current_stock, created_at, updated_at) VALUES ('INS-37950745-512', '0362900-000', 'Piranómetro, sin cable ni conector, fabricado por Kipp&Zonen Mod. CMP6', 'INSTRUMENTO', 'Radiación', 'Piranómetro', NULL, 6, 'CMP6', NULL, NULL, NULL, NULL, NULL, NULL, NULL, '150x150x92.5', 600, NULL, NULL, NULL, NULL, -40, 80, -40, 80, NULL, 100, NULL, NULL, NULL, NULL, NULL, FALSE, NULL, NULL, TRUE, NULL, NULL, NULL, '2025-11-12T08:59:10.746Z', '2025-11-12T10:57:53.417Z');
INSERT INTO articles (article_id, sap_itemcode, sap_description, article_type, category, family, subfamily, manufacturer_id, model, variant, power_supply_min_v, power_supply_max_v, power_consumption_typ_w, current_max_a, voltage_rating_v, ip_rating, dimensions_mm, weight_g, length_m, diameter_mm, material, color, oper_temp_min_c, oper_temp_max_c, storage_temp_min_c, storage_temp_max_c, oper_humidity_min_pct, oper_humidity_max_pct, altitude_max_m, emc_compliance, certifications, first_release_year, last_revision_year, discontinued, replacement_article_id, internal_notes, active, stock_location, min_stock, current_stock, created_at, updated_at) VALUES ('INS-44372953-644', '0382910.', 'BASE DEL SISTEMA DE MONITORIZACIÓN SOLAR RaZON+ CON KIT DE MONTAJE PARA SMP', 'INSTRUMENTO', 'Seguidor solar automático', 'soporte', 'seguidor solar', 8, 'RaZON+', NULL, 20, 30, 13, NULL, 24, NULL, '60x60x48', 9000, NULL, NULL, NULL, NULL, -20, 50, -20, 50, NULL, 100, 5000, NULL, 'CE, FCC', NULL, NULL, FALSE, NULL, NULL, TRUE, NULL, NULL, NULL, '2025-11-12T10:46:12.954Z', '2025-11-12T11:46:11.422Z');
INSERT INTO articles (article_id, sap_itemcode, sap_description, article_type, category, family, subfamily, manufacturer_id, model, variant, power_supply_min_v, power_supply_max_v, power_consumption_typ_w, current_max_a, voltage_rating_v, ip_rating, dimensions_mm, weight_g, length_m, diameter_mm, material, color, oper_temp_min_c, oper_temp_max_c, storage_temp_min_c, storage_temp_max_c, oper_humidity_min_pct, oper_humidity_max_pct, altitude_max_m, emc_compliance, certifications, first_release_year, last_revision_year, discontinued, replacement_article_id, internal_notes, active, stock_location, min_stock, current_stock, created_at, updated_at) VALUES ('SOP-06655308-233', '4.3171.30.000', 'Traversa 0,8 m, para mástil ø48-102 mm - COMPACT', 'SOPORTE', 'Accesorio', 'Soporte Aluminio', NULL, 10, '4.3171.30.000', NULL, NULL, NULL, NULL, NULL, NULL, NULL, NULL, 350, 0.8, NULL, 'Aluminio', NULL, NULL, NULL, NULL, NULL, NULL, NULL, NULL, NULL, NULL, NULL, NULL, FALSE, NULL, 'Diámetro del poste: 48...102 mm', TRUE, NULL, NULL, NULL, '2025-11-14T07:50:55.316Z', '2025-11-14T12:00:21.531Z');
INSERT INTO articles (article_id, sap_itemcode, sap_description, article_type, category, family, subfamily, manufacturer_id, model, variant, power_supply_min_v, power_supply_max_v, power_consumption_typ_w, current_max_a, voltage_rating_v, ip_rating, dimensions_mm, weight_g, length_m, diameter_mm, material, color, oper_temp_min_c, oper_temp_max_c, storage_temp_min_c, storage_temp_max_c, oper_humidity_min_pct, oper_humidity_max_pct, altitude_max_m, emc_compliance, certifications, first_release_year, last_revision_year, discontinued, replacement_article_id, internal_notes, active, stock_location, min_stock, current_stock, created_at, updated_at) VALUES ('INS-56173920-037', '0387920-002', 'SUV-B - RADIOMETRO ULTRAVIOLETA INTELIGENTE UV-B CON 10M DE CABLE', 'INSTRUMENTO', 'Radiación', 'Radiómetro', NULL, 3, 'SUV', 'B', 5, 30, 0.065, 0.0125, 12, NULL, '150x150x93', 600, NULL, NULL, NULL, NULL, -40, 70, -40, 80, 0, 100, NULL, NULL, 'CE, FCC, IC', NULL, NULL, FALSE, NULL, NULL, TRUE, NULL, NULL, NULL, '2025-11-12T14:02:53.929Z', '2025-11-12T14:26:43.180Z');
INSERT INTO articles (article_id, sap_itemcode, sap_description, article_type, category, family, subfamily, manufacturer_id, model, variant, power_supply_min_v, power_supply_max_v, power_consumption_typ_w, current_max_a, voltage_rating_v, ip_rating, dimensions_mm, weight_g, length_m, diameter_mm, material, color, oper_temp_min_c, oper_temp_max_c, storage_temp_min_c, storage_temp_max_c, oper_humidity_min_pct, oper_humidity_max_pct, altitude_max_m, emc_compliance, certifications, first_release_year, last_revision_year, discontinued, replacement_article_id, internal_notes, active, stock_location, min_stock, current_stock, created_at, updated_at) VALUES ('INS-51535670-535', '0377900-100', 'SUV5 Radiómetro UV Smart  de banda ancha sin cable ni conector alt. 0 a 1V', 'INSTRUMENTO', 'Radiación', 'Radiómetro', NULL, 9, 'SUV5', NULL, 5, 30, 0.065, 0.0125, 12, NULL, '150x150x93', 600, NULL, NULL, NULL, NULL, -40, 80, -40, 80, NULL, 100, NULL, NULL, 'CE, FCC, IC', NULL, NULL, FALSE, NULL, NULL, TRUE, NULL, NULL, NULL, '2025-11-12T12:45:35.670Z', '2025-11-12T14:26:57.337Z');
INSERT INTO articles (article_id, sap_itemcode, sap_description, article_type, category, family, subfamily, manufacturer_id, model, variant, power_supply_min_v, power_supply_max_v, power_consumption_typ_w, current_max_a, voltage_rating_v, ip_rating, dimensions_mm, weight_g, length_m, diameter_mm, material, color, oper_temp_min_c, oper_temp_max_c, storage_temp_min_c, storage_temp_max_c, oper_humidity_min_pct, oper_humidity_max_pct, altitude_max_m, emc_compliance, certifications, first_release_year, last_revision_year, discontinued, replacement_article_id, internal_notes, active, stock_location, min_stock, current_stock, created_at, updated_at) VALUES ('INS-36389913-196', '4.9200.20.001', 'Clima Sensor US NHTFB Salida Modbus', 'INSTRUMENTO', 'multiparamétrico', 'Estación meteorológica', NULL, 10, '4.9200.20.001', NULL, 6, 40, 1.2, 0.05, 24, NULL, '150x150x220', 900, NULL, NULL, NULL, NULL, -50, 80, -55, 80, NULL, 100, NULL, NULL, 'CE, CA', NULL, NULL, FALSE, NULL, NULL, TRUE, NULL, NULL, NULL, '2025-11-13T12:19:49.913Z', '2025-11-13T12:19:49.913Z');
INSERT INTO articles (article_id, sap_itemcode, sap_description, article_type, category, family, subfamily, manufacturer_id, model, variant, power_supply_min_v, power_supply_max_v, power_consumption_typ_w, current_max_a, voltage_rating_v, ip_rating, dimensions_mm, weight_g, length_m, diameter_mm, material, color, oper_temp_min_c, oper_temp_max_c, storage_temp_min_c, storage_temp_max_c, oper_humidity_min_pct, oper_humidity_max_pct, altitude_max_m, emc_compliance, certifications, first_release_year, last_revision_year, discontinued, replacement_article_id, internal_notes, active, stock_location, min_stock, current_stock, created_at, updated_at) VALUES ('OTH-07901603-460', '508396', 'PROTECCION PÁJAROS PARA ANEMOMETROS ULTRASÓNICOS', 'OTROS', 'Accesorio', 'Anti pájaro', NULL, 10, '508396', NULL, NULL, NULL, NULL, NULL, NULL, NULL, NULL, NULL, NULL, NULL, 'Acero Inoxidable', NULL, NULL, NULL, NULL, NULL, NULL, NULL, NULL, NULL, NULL, NULL, NULL, FALSE, NULL, NULL, TRUE, NULL, NULL, NULL, '2025-11-14T08:11:41.603Z', '2025-11-14T08:15:29.411Z');
INSERT INTO articles (article_id, sap_itemcode, sap_description, article_type, category, family, subfamily, manufacturer_id, model, variant, power_supply_min_v, power_supply_max_v, power_consumption_typ_w, current_max_a, voltage_rating_v, ip_rating, dimensions_mm, weight_g, length_m, diameter_mm, material, color, oper_temp_min_c, oper_temp_max_c, storage_temp_min_c, storage_temp_max_c, oper_humidity_min_pct, oper_humidity_max_pct, altitude_max_m, emc_compliance, certifications, first_release_year, last_revision_year, discontinued, replacement_article_id, internal_notes, active, stock_location, min_stock, current_stock, created_at, updated_at) VALUES ('INS-41087382-324', '4.3875.60.340', 'Anemómetro ultrasónico 2D Compact, salida RS485 modbus RTU, salidas analog., zonas extremas temp.', 'INSTRUMENTO', 'VIento', 'Anemómetro', 'Ultrasónico', 11, '4.3875.60.340', NULL, 48, 48, 360, 7.5, 48, NULL, '200x200x142', 2000, NULL, NULL, NULL, NULL, -50, 80, -50, 80, NULL, NULL, NULL, NULL, NULL, NULL, NULL, FALSE, NULL, NULL, TRUE, NULL, NULL, NULL, '2025-11-13T13:38:07.383Z', '2025-11-13T14:26:13.749Z');
INSERT INTO articles (article_id, sap_itemcode, sap_description, article_type, category, family, subfamily, manufacturer_id, model, variant, power_supply_min_v, power_supply_max_v, power_consumption_typ_w, current_max_a, voltage_rating_v, ip_rating, dimensions_mm, weight_g, length_m, diameter_mm, material, color, oper_temp_min_c, oper_temp_max_c, storage_temp_min_c, storage_temp_max_c, oper_humidity_min_pct, oper_humidity_max_pct, altitude_max_m, emc_compliance, certifications, first_release_year, last_revision_year, discontinued, replacement_article_id, internal_notes, active, stock_location, min_stock, current_stock, created_at, updated_at) VALUES ('OTH-07748437-421', '507245', 'ACCESORIO ANTI PÁJAROS PARA ANEMÓMETRO ULTRASÓNICO 2D', 'OTROS', 'Accesorio', 'Anti pájaros', NULL, 10, '507245', NULL, NULL, NULL, NULL, NULL, NULL, NULL, NULL, NULL, NULL, NULL, NULL, NULL, NULL, NULL, NULL, NULL, NULL, NULL, NULL, NULL, NULL, NULL, NULL, FALSE, NULL, NULL, TRUE, NULL, NULL, NULL, '2025-11-14T08:09:08.446Z', '2025-11-14T08:15:44.197Z');
INSERT INTO articles (article_id, sap_itemcode, sap_description, article_type, category, family, subfamily, manufacturer_id, model, variant, power_supply_min_v, power_supply_max_v, power_consumption_typ_w, current_max_a, voltage_rating_v, ip_rating, dimensions_mm, weight_g, length_m, diameter_mm, material, color, oper_temp_min_c, oper_temp_max_c, storage_temp_min_c, storage_temp_max_c, oper_humidity_min_pct, oper_humidity_max_pct, altitude_max_m, emc_compliance, certifications, first_release_year, last_revision_year, discontinued, replacement_article_id, internal_notes, active, stock_location, min_stock, current_stock, created_at, updated_at) VALUES ('INS-44576087-235', '4.3128.10.120', 'Wind direction transmitter compact', 'INSTRUMENTO', 'Viento', 'Anemómetro', 'Dirección', 10, '4.3128.10.120', NULL, 10, 28, NULL, NULL, 24, NULL, '330x330x220', 1100, NULL, NULL, NULL, NULL, -30, 70, -30, 70, NULL, NULL, NULL, NULL, NULL, NULL, NULL, FALSE, NULL, NULL, TRUE, NULL, NULL, NULL, '2025-11-13T14:36:16.096Z', '2025-11-13T14:46:06.306Z');
INSERT INTO articles (article_id, sap_itemcode, sap_description, article_type, category, family, subfamily, manufacturer_id, model, variant, power_supply_min_v, power_supply_max_v, power_consumption_typ_w, current_max_a, voltage_rating_v, ip_rating, dimensions_mm, weight_g, length_m, diameter_mm, material, color, oper_temp_min_c, oper_temp_max_c, storage_temp_min_c, storage_temp_max_c, oper_humidity_min_pct, oper_humidity_max_pct, altitude_max_m, emc_compliance, certifications, first_release_year, last_revision_year, discontinued, replacement_article_id, internal_notes, active, stock_location, min_stock, current_stock, created_at, updated_at) VALUES ('INS-17908102-635', '4.3128.00.000', 'Sensor de dirección de viento Thies Compact calefactado', 'INSTRUMENTO', 'Viento', 'Anemómetro', 'Dirección', 10, '4.3128.00.000', NULL, 24, 24, 20, 0.83, 24, NULL, '330x330x220', 1100, NULL, 200, NULL, NULL, -30, 70, NULL, NULL, NULL, NULL, NULL, NULL, 'CE', NULL, NULL, FALSE, NULL, NULL, TRUE, NULL, NULL, NULL, '2025-11-13T07:11:48.111Z', '2025-11-13T14:48:47.406Z');
INSERT INTO articles (article_id, sap_itemcode, sap_description, article_type, category, family, subfamily, manufacturer_id, model, variant, power_supply_min_v, power_supply_max_v, power_consumption_typ_w, current_max_a, voltage_rating_v, ip_rating, dimensions_mm, weight_g, length_m, diameter_mm, material, color, oper_temp_min_c, oper_temp_max_c, storage_temp_min_c, storage_temp_max_c, oper_humidity_min_pct, oper_humidity_max_pct, altitude_max_m, emc_compliance, certifications, first_release_year, last_revision_year, discontinued, replacement_article_id, internal_notes, active, stock_location, min_stock, current_stock, created_at, updated_at) VALUES ('CAB-08946981-787', '509311', 'CABLE DE CONEXIÓN 16 HILOS DE 10 METROS PARA CLIMA SENSOR US', 'CABLE', 'Accesorio', NULL, '16-pin', 10, '509311', NULL, NULL, NULL, NULL, NULL, NULL, NULL, NULL, NULL, 10, 0.25, NULL, NULL, NULL, NULL, NULL, NULL, NULL, NULL, NULL, NULL, NULL, NULL, NULL, FALSE, NULL, '16 pines', TRUE, NULL, NULL, NULL, '2025-11-14T08:29:06.991Z', '2025-11-14T08:29:06.991Z');
INSERT INTO articles (article_id, sap_itemcode, sap_description, article_type, category, family, subfamily, manufacturer_id, model, variant, power_supply_min_v, power_supply_max_v, power_consumption_typ_w, current_max_a, voltage_rating_v, ip_rating, dimensions_mm, weight_g, length_m, diameter_mm, material, color, oper_temp_min_c, oper_temp_max_c, storage_temp_min_c, storage_temp_max_c, oper_humidity_min_pct, oper_humidity_max_pct, altitude_max_m, emc_compliance, certifications, first_release_year, last_revision_year, discontinued, replacement_article_id, internal_notes, active, stock_location, min_stock, current_stock, created_at, updated_at) VALUES ('INS-46020925-193', '4.9200.00.001', 'Estacion Meteorológica compacta CLIMA SENSOR US, salida MODBUS RTU', 'INSTRUMENTO', 'multiparamétrico', 'Estación meteorológica', NULL, 10, '4.920X.XX.XXX', '4.9200.00.001', 6, 40, 1.2, 0.05, 24, NULL, '150x150x220', 900, NULL, NULL, NULL, NULL, -50, 80, -55, 80, NULL, 100, NULL, NULL, 'CE, CA', NULL, NULL, FALSE, NULL, NULL, TRUE, NULL, NULL, NULL, '2025-11-13T15:00:20.934Z', '2025-11-14T06:59:10.141Z');
INSERT INTO articles (article_id, sap_itemcode, sap_description, article_type, category, family, subfamily, manufacturer_id, model, variant, power_supply_min_v, power_supply_max_v, power_consumption_typ_w, current_max_a, voltage_rating_v, ip_rating, dimensions_mm, weight_g, length_m, diameter_mm, material, color, oper_temp_min_c, oper_temp_max_c, storage_temp_min_c, storage_temp_max_c, oper_humidity_min_pct, oper_humidity_max_pct, altitude_max_m, emc_compliance, certifications, first_release_year, last_revision_year, discontinued, replacement_article_id, internal_notes, active, stock_location, min_stock, current_stock, created_at, updated_at) VALUES ('INS-05860683-115', '1.1005.54.241', 'Higrotermo transmisor COMPACT. Salida 4...20mA. Cable 5m.', 'INSTRUMENTO', 'Humedad', 'Termohigrómetro', 'Sensor', 10, '1.1005.54.XXX', '1.1005.54.241', 12, 30, 0.48, 0.2, 24, NULL, '20x122x180', NULL, NULL, NULL, NULL, NULL, -40, 80, NULL, NULL, NULL, NULL, NULL, NULL, NULL, NULL, NULL, FALSE, NULL, NULL, TRUE, NULL, NULL, NULL, '2025-11-14T07:37:40.683Z', '2025-11-14T07:37:40.683Z');
INSERT INTO articles (article_id, sap_itemcode, sap_description, article_type, category, family, subfamily, manufacturer_id, model, variant, power_supply_min_v, power_supply_max_v, power_consumption_typ_w, current_max_a, voltage_rating_v, ip_rating, dimensions_mm, weight_g, length_m, diameter_mm, material, color, oper_temp_min_c, oper_temp_max_c, storage_temp_min_c, storage_temp_max_c, oper_humidity_min_pct, oper_humidity_max_pct, altitude_max_m, emc_compliance, certifications, first_release_year, last_revision_year, discontinued, replacement_article_id, internal_notes, active, stock_location, min_stock, current_stock, created_at, updated_at) VALUES ('INS-11891082-411', '4.3129.60.167', 'TRANSMISOR DE DIRECCIÓN DE VIENTO COMPACT - 0-2v', 'INSTRUMENTO', 'Viento', 'Anemómetro', 'Direccion', 10, '4.3129.XX.XXX', '4.3129.60.167', 8, 30, 20, NULL, 24, NULL, '300x300x220', 300, NULL, NULL, NULL, NULL, NULL, NULL, NULL, NULL, NULL, NULL, NULL, NULL, NULL, NULL, NULL, FALSE, NULL, NULL, TRUE, NULL, NULL, NULL, '2025-11-14T09:18:11.091Z', '2025-11-14T09:18:11.091Z');
INSERT INTO articles (article_id, sap_itemcode, sap_description, article_type, category, family, subfamily, manufacturer_id, model, variant, power_supply_min_v, power_supply_max_v, power_consumption_typ_w, current_max_a, voltage_rating_v, ip_rating, dimensions_mm, weight_g, length_m, diameter_mm, material, color, oper_temp_min_c, oper_temp_max_c, storage_temp_min_c, storage_temp_max_c, oper_humidity_min_pct, oper_humidity_max_pct, altitude_max_m, emc_compliance, certifications, first_release_year, last_revision_year, discontinued, replacement_article_id, internal_notes, active, stock_location, min_stock, current_stock, created_at, updated_at) VALUES ('INS-13619327-055', '4.3520.00.000', 'WIND TRANSMITTER - COMPACT', 'INSTRUMENTO', 'Velocidad Viento', 'Anemómetro', NULL, 10, '4.3520.x0.xx0', '4.3520.00.000', 10, 28, NULL, 0.02, 24, NULL, '134x134x165', 750, NULL, NULL, NULL, NULL, -40, 70, NULL, NULL, NULL, NULL, NULL, NULL, NULL, NULL, NULL, FALSE, NULL, NULL, TRUE, NULL, NULL, NULL, '2025-11-14T09:46:59.328Z', '2025-11-14T09:59:50.841Z');
INSERT INTO articles (article_id, sap_itemcode, sap_description, article_type, category, family, subfamily, manufacturer_id, model, variant, power_supply_min_v, power_supply_max_v, power_consumption_typ_w, current_max_a, voltage_rating_v, ip_rating, dimensions_mm, weight_g, length_m, diameter_mm, material, color, oper_temp_min_c, oper_temp_max_c, storage_temp_min_c, storage_temp_max_c, oper_humidity_min_pct, oper_humidity_max_pct, altitude_max_m, emc_compliance, certifications, first_release_year, last_revision_year, discontinued, replacement_article_id, internal_notes, active, stock_location, min_stock, current_stock, created_at, updated_at) VALUES ('INS-16419331-954', '5.4032.35.228', 'Pluviómetro electrónico de pulsos', 'INSTRUMENTO', 'Lluvia', 'Pluviómetro', 'Pulsos', 10, '5.4032.35.228', NULL, 5, 24, NULL, 0.00005, 24, NULL, '160x160x445', 3300, NULL, NULL, NULL, NULL, NULL, 60, NULL, NULL, NULL, NULL, NULL, NULL, NULL, NULL, NULL, FALSE, NULL, NULL, TRUE, NULL, NULL, NULL, '2025-11-14T10:33:39.331Z', '2025-11-14T10:33:39.331Z');
INSERT INTO articles (article_id, sap_itemcode, sap_description, article_type, category, family, subfamily, manufacturer_id, model, variant, power_supply_min_v, power_supply_max_v, power_consumption_typ_w, current_max_a, voltage_rating_v, ip_rating, dimensions_mm, weight_g, length_m, diameter_mm, material, color, oper_temp_min_c, oper_temp_max_c, storage_temp_min_c, storage_temp_max_c, oper_humidity_min_pct, oper_humidity_max_pct, altitude_max_m, emc_compliance, certifications, first_release_year, last_revision_year, discontinued, replacement_article_id, internal_notes, active, stock_location, min_stock, current_stock, created_at, updated_at) VALUES ('INS-16530352-315', '1.1005.54.700', 'Higro Termo Transmisor Compact - salida 0...1V - Sin cable', 'INSTRUMENTO', 'Humedad', 'Termohigrómetro', 'Sensor', 10, 'MN_TH_1.1005.X4.XXX', '1.1005.54.700', 6, 30, NULL, NULL, NULL, NULL, NULL, NULL, NULL, NULL, NULL, NULL, -40, 80, NULL, NULL, 0, 100, NULL, NULL, NULL, NULL, NULL, FALSE, NULL, NULL, TRUE, NULL, NULL, NULL, '2025-11-14T10:35:30.352Z', '2025-11-14T10:50:29.545Z');
INSERT INTO articles (article_id, sap_itemcode, sap_description, article_type, category, family, subfamily, manufacturer_id, model, variant, power_supply_min_v, power_supply_max_v, power_consumption_typ_w, current_max_a, voltage_rating_v, ip_rating, dimensions_mm, weight_g, length_m, diameter_mm, material, color, oper_temp_min_c, oper_temp_max_c, storage_temp_min_c, storage_temp_max_c, oper_humidity_min_pct, oper_humidity_max_pct, altitude_max_m, emc_compliance, certifications, first_release_year, last_revision_year, discontinued, replacement_article_id, internal_notes, active, stock_location, min_stock, current_stock, created_at, updated_at) VALUES ('INS-18540070-112', '4.3129.60.150', 'TRANSMISOR DE DIRECCIÓN DE VIENTO', 'INSTRUMENTO', 'Viento', 'Anemómetro', 'Sensor', 10, '4.3129.60.XXX', NULL, NULL, NULL, NULL, NULL, NULL, NULL, '330x330x212', 300, NULL, NULL, NULL, NULL, -40, 70, NULL, NULL, NULL, NULL, NULL, NULL, NULL, NULL, NULL, FALSE, NULL, NULL, TRUE, NULL, NULL, NULL, '2025-11-14T11:09:00.079Z', '2025-11-14T11:15:03.838Z');
INSERT INTO articles (article_id, sap_itemcode, sap_description, article_type, category, family, subfamily, manufacturer_id, model, variant, power_supply_min_v, power_supply_max_v, power_consumption_typ_w, current_max_a, voltage_rating_v, ip_rating, dimensions_mm, weight_g, length_m, diameter_mm, material, color, oper_temp_min_c, oper_temp_max_c, storage_temp_min_c, storage_temp_max_c, oper_humidity_min_pct, oper_humidity_max_pct, altitude_max_m, emc_compliance, certifications, first_release_year, last_revision_year, discontinued, replacement_article_id, internal_notes, active, stock_location, min_stock, current_stock, created_at, updated_at) VALUES ('INS-19895285-335', '5.4032.55.008', 'OMBRÓMETRO (DOBLE SISTEMA DE MEDIDA: Goteo y pulsos)', 'INSTRUMENTO', 'Lluvia', 'Pluviómetro', NULL, 10, '5.4032.XX.00X', '5.4032.55.008', 3.3, 24, 70, NULL, 24, NULL, '160x160x500', 4000, NULL, NULL, NULL, NULL, -25, 60, NULL, NULL, NULL, NULL, NULL, NULL, NULL, NULL, NULL, FALSE, NULL, NULL, TRUE, NULL, NULL, NULL, '2025-11-14T11:31:35.294Z', '2025-11-14T11:41:12.457Z');
INSERT INTO articles (article_id, sap_itemcode, sap_description, article_type, category, family, subfamily, manufacturer_id, model, variant, power_supply_min_v, power_supply_max_v, power_consumption_typ_w, current_max_a, voltage_rating_v, ip_rating, dimensions_mm, weight_g, length_m, diameter_mm, material, color, oper_temp_min_c, oper_temp_max_c, storage_temp_min_c, storage_temp_max_c, oper_humidity_min_pct, oper_humidity_max_pct, altitude_max_m, emc_compliance, certifications, first_release_year, last_revision_year, discontinued, replacement_article_id, internal_notes, active, stock_location, min_stock, current_stock, created_at, updated_at) VALUES ('INS-65672084-650', '4.3821.01.000', 'Sensor ultrasónico 2D avanzado', 'INSTRUMENTO', 'Viento', 'Anemómetro', 'Ultrasónico', 10, '4.3821.X1.000', '4.3821.01.000', 8, 78, 2.5, NULL, NULL, NULL, '287x287x424', 2500, NULL, NULL, NULL, NULL, -30, 80, -50, 80, NULL, NULL, NULL, NULL, NULL, NULL, NULL, FALSE, NULL, NULL, TRUE, NULL, NULL, NULL, '2025-11-17T07:47:52.094Z', '2025-11-17T08:18:10.523Z');
INSERT INTO articles (article_id, sap_itemcode, sap_description, article_type, category, family, subfamily, manufacturer_id, model, variant, power_supply_min_v, power_supply_max_v, power_consumption_typ_w, current_max_a, voltage_rating_v, ip_rating, dimensions_mm, weight_g, length_m, diameter_mm, material, color, oper_temp_min_c, oper_temp_max_c, storage_temp_min_c, storage_temp_max_c, oper_humidity_min_pct, oper_humidity_max_pct, altitude_max_m, emc_compliance, certifications, first_release_year, last_revision_year, discontinued, replacement_article_id, internal_notes, active, stock_location, min_stock, current_stock, created_at, updated_at) VALUES ('INS-69044639-789', '4.3820.31.401', 'ANEMÓMETRO ULTRASÓNICO 2D', 'INSTRUMENTO', 'Viento', 'Anemómetro', 'Ultrasónico', 10, '4.382X.XX.XXX', '4.3820.31.401', 8, 78, 2.5, NULL, NULL, NULL, '287x287x424', 2500, NULL, NULL, NULL, NULL, -30, 80, -50, 80, NULL, NULL, NULL, NULL, NULL, NULL, NULL, FALSE, NULL, NULL, TRUE, NULL, NULL, NULL, '2025-11-17T08:44:04.639Z', '2025-11-17T08:54:57.379Z');
INSERT INTO articles (article_id, sap_itemcode, sap_description, article_type, category, family, subfamily, manufacturer_id, model, variant, power_supply_min_v, power_supply_max_v, power_consumption_typ_w, current_max_a, voltage_rating_v, ip_rating, dimensions_mm, weight_g, length_m, diameter_mm, material, color, oper_temp_min_c, oper_temp_max_c, storage_temp_min_c, storage_temp_max_c, oper_humidity_min_pct, oper_humidity_max_pct, altitude_max_m, emc_compliance, certifications, first_release_year, last_revision_year, discontinued, replacement_article_id, internal_notes, active, stock_location, min_stock, current_stock, created_at, updated_at) VALUES ('INS-70277851-610', '4.3519.00.141', 'TRANSMISOR DE VELOCIDAD DE VIENTO COMPACT - 4..20mA (incluye 12m de cable)', 'INSTRUMENTO', 'Viento', 'Anemómetro', NULL, 10, '4.3519.XX.XXX', '4.3519.00.141', 9, 30, 1.5, 0.05, 24, NULL, '134x134x165', 750, NULL, NULL, NULL, NULL, -40, 70, NULL, NULL, NULL, NULL, NULL, NULL, NULL, NULL, NULL, FALSE, NULL, NULL, TRUE, NULL, NULL, NULL, '2025-11-17T09:04:37.860Z', '2025-11-17T09:14:03.203Z');
INSERT INTO articles (article_id, sap_itemcode, sap_description, article_type, category, family, subfamily, manufacturer_id, model, variant, power_supply_min_v, power_supply_max_v, power_consumption_typ_w, current_max_a, voltage_rating_v, ip_rating, dimensions_mm, weight_g, length_m, diameter_mm, material, color, oper_temp_min_c, oper_temp_max_c, storage_temp_min_c, storage_temp_max_c, oper_humidity_min_pct, oper_humidity_max_pct, altitude_max_m, emc_compliance, certifications, first_release_year, last_revision_year, discontinued, replacement_article_id, internal_notes, active, stock_location, min_stock, current_stock, created_at, updated_at) VALUES ('GTW-71966786-530', '4.3348.20.041', 'CONVERTIDOR PARA TRANSMISOR VIENTO TUNELES, 4-20 mA y RS485', 'GATEWAY', NULL, NULL, NULL, 10, '4.3348.20.0XX', '4.3348.20.041', NULL, NULL, NULL, NULL, NULL, NULL, '120x200x75', 650, NULL, NULL, NULL, NULL, -20, 50, NULL, NULL, NULL, NULL, NULL, NULL, NULL, NULL, NULL, FALSE, NULL, NULL, TRUE, NULL, NULL, NULL, '2025-11-17T09:32:46.786Z', '2025-11-17T09:36:16.609Z');
INSERT INTO articles (article_id, sap_itemcode, sap_description, article_type, category, family, subfamily, manufacturer_id, model, variant, power_supply_min_v, power_supply_max_v, power_consumption_typ_w, current_max_a, voltage_rating_v, ip_rating, dimensions_mm, weight_g, length_m, diameter_mm, material, color, oper_temp_min_c, oper_temp_max_c, storage_temp_min_c, storage_temp_max_c, oper_humidity_min_pct, oper_humidity_max_pct, altitude_max_m, emc_compliance, certifications, first_release_year, last_revision_year, discontinued, replacement_article_id, internal_notes, active, stock_location, min_stock, current_stock, created_at, updated_at) VALUES ('INS-72590787-158', '1.1005.54.001', 'HIGROTERMOTRANSMISOR COMPACT CARRETERAS (incluye 5m de cable)', 'INSTRUMENTO', 'Humedad', 'Termohigrómetro', NULL, 10, '1.1005.54.001', NULL, 9, 30, NULL, NULL, NULL, NULL, '20x20x140', NULL, NULL, NULL, NULL, NULL, -30, 50, NULL, NULL, 0, 100, NULL, NULL, NULL, NULL, NULL, FALSE, NULL, NULL, TRUE, NULL, NULL, NULL, '2025-11-17T09:43:10.797Z', '2025-11-17T09:48:32.354Z');
INSERT INTO articles (article_id, sap_itemcode, sap_description, article_type, category, family, subfamily, manufacturer_id, model, variant, power_supply_min_v, power_supply_max_v, power_consumption_typ_w, current_max_a, voltage_rating_v, ip_rating, dimensions_mm, weight_g, length_m, diameter_mm, material, color, oper_temp_min_c, oper_temp_max_c, storage_temp_min_c, storage_temp_max_c, oper_humidity_min_pct, oper_humidity_max_pct, altitude_max_m, emc_compliance, certifications, first_release_year, last_revision_year, discontinued, replacement_article_id, internal_notes, active, stock_location, min_stock, current_stock, created_at, updated_at) VALUES ('INS-73833958-993', '4.9213.00.001', 'Sensor Clima Sensor US CALEFACTADO (VV y DV), RS485 modbus', 'INSTRUMENTO', 'Viento', 'Sensor', NULL, 10, '4.92XX.XX.XXX', '4.9213.00.001', NULL, NULL, NULL, NULL, NULL, NULL, NULL, NULL, NULL, NULL, NULL, NULL, NULL, NULL, NULL, NULL, NULL, NULL, NULL, NULL, NULL, NULL, NULL, FALSE, NULL, NULL, TRUE, NULL, NULL, NULL, '2025-11-17T10:03:53.967Z', '2025-11-17T10:08:44.762Z');
INSERT INTO articles (article_id, sap_itemcode, sap_description, article_type, category, family, subfamily, manufacturer_id, model, variant, power_supply_min_v, power_supply_max_v, power_consumption_typ_w, current_max_a, voltage_rating_v, ip_rating, dimensions_mm, weight_g, length_m, diameter_mm, material, color, oper_temp_min_c, oper_temp_max_c, storage_temp_min_c, storage_temp_max_c, oper_humidity_min_pct, oper_humidity_max_pct, altitude_max_m, emc_compliance, certifications, first_release_year, last_revision_year, discontinued, replacement_article_id, internal_notes, active, stock_location, min_stock, current_stock, created_at, updated_at) VALUES ('INS-77465403-487', 'LI-830', 'Analizador de Gas Mod. LI-830, incluye bomba y pantalla', 'INSTRUMENTO', 'CO2', 'Analizador Gas', NULL, 12, 'LI-830', NULL, 12, 30, 4.6, NULL, NULL, NULL, '222.3x152.5x76.2', 1320, NULL, NULL, NULL, NULL, -20, 45, NULL, NULL, NULL, 95, NULL, NULL, 'CE', NULL, NULL, FALSE, NULL, 'Con bomba y pantalla', TRUE, NULL, NULL, NULL, '2025-11-17T11:04:25.403Z', '2025-11-17T11:04:25.403Z');
INSERT INTO articles (article_id, sap_itemcode, sap_description, article_type, category, family, subfamily, manufacturer_id, model, variant, power_supply_min_v, power_supply_max_v, power_consumption_typ_w, current_max_a, voltage_rating_v, ip_rating, dimensions_mm, weight_g, length_m, diameter_mm, material, color, oper_temp_min_c, oper_temp_max_c, storage_temp_min_c, storage_temp_max_c, oper_humidity_min_pct, oper_humidity_max_pct, altitude_max_m, emc_compliance, certifications, first_release_year, last_revision_year, discontinued, replacement_article_id, internal_notes, active, stock_location, min_stock, current_stock, created_at, updated_at) VALUES ('INS-80200902-881', 'LI-200R-BL-5', 'Piranómetro, con 5 m cable, sin conector', 'INSTRUMENTO', 'Radiación', 'Piranómetro', NULL, 12, 'LI-200R', 'LI-200R-BL-5', NULL, NULL, NULL, NULL, NULL, NULL, '95x98x35', 84, NULL, NULL, NULL, NULL, -40, 65, NULL, NULL, NULL, NULL, NULL, NULL, 'CE', NULL, NULL, FALSE, NULL, NULL, TRUE, NULL, NULL, NULL, '2025-11-17T11:50:00.912Z', '2025-11-17T11:50:00.912Z');
INSERT INTO articles (article_id, sap_itemcode, sap_description, article_type, category, family, subfamily, manufacturer_id, model, variant, power_supply_min_v, power_supply_max_v, power_consumption_typ_w, current_max_a, voltage_rating_v, ip_rating, dimensions_mm, weight_g, length_m, diameter_mm, material, color, oper_temp_min_c, oper_temp_max_c, storage_temp_min_c, storage_temp_max_c, oper_humidity_min_pct, oper_humidity_max_pct, altitude_max_m, emc_compliance, certifications, first_release_year, last_revision_year, discontinued, replacement_article_id, internal_notes, active, stock_location, min_stock, current_stock, created_at, updated_at) VALUES ('INS-82099821-080', 'LI-550P-USB', 'Anemómetro Trisónica Mini-PM con cable 1,2 m y USB 232 interface (stqarter kit B)', 'INSTRUMENTO', 'Viento', 'anemómetro', NULL, 12, 'LI-550', 'LI-550P-USB', 5, 30, 0.4, NULL, 12, NULL, '80x80x73.3', 67, NULL, NULL, NULL, NULL, -20, 72, NULL, NULL, NULL, 100, 5000, NULL, NULL, NULL, NULL, FALSE, NULL, NULL, TRUE, NULL, NULL, NULL, '2025-11-17T12:21:39.831Z', '2025-11-17T12:21:39.831Z');
INSERT INTO articles (article_id, sap_itemcode, sap_description, article_type, category, family, subfamily, manufacturer_id, model, variant, power_supply_min_v, power_supply_max_v, power_consumption_typ_w, current_max_a, voltage_rating_v, ip_rating, dimensions_mm, weight_g, length_m, diameter_mm, material, color, oper_temp_min_c, oper_temp_max_c, storage_temp_min_c, storage_temp_max_c, oper_humidity_min_pct, oper_humidity_max_pct, altitude_max_m, emc_compliance, certifications, first_release_year, last_revision_year, discontinued, replacement_article_id, internal_notes, active, stock_location, min_stock, current_stock, created_at, updated_at) VALUES ('INS-89702406-758', 'LI-190R-SMV-15', 'Sensor radiacion PAR, salida mV, sin conector, 15 m de cable', 'INSTRUMENTO', 'Radiación', 'Piranómetro', 'Biociencia', 12, 'LI-190R', 'LI-190R-SMV', NULL, NULL, NULL, NULL, NULL, NULL, '23.6x23.6x36.3', 84, NULL, NULL, NULL, NULL, -40, -65, NULL, NULL, NULL, NULL, NULL, NULL, NULL, NULL, NULL, FALSE, NULL, NULL, TRUE, NULL, NULL, NULL, '2025-11-17T14:28:22.415Z', '2025-11-18T07:04:10.300Z');
INSERT INTO articles (article_id, sap_itemcode, sap_description, article_type, category, family, subfamily, manufacturer_id, model, variant, power_supply_min_v, power_supply_max_v, power_consumption_typ_w, current_max_a, voltage_rating_v, ip_rating, dimensions_mm, weight_g, length_m, diameter_mm, material, color, oper_temp_min_c, oper_temp_max_c, storage_temp_min_c, storage_temp_max_c, oper_humidity_min_pct, oper_humidity_max_pct, altitude_max_m, emc_compliance, certifications, first_release_year, last_revision_year, discontinued, replacement_article_id, internal_notes, active, stock_location, min_stock, current_stock, created_at, updated_at) VALUES ('INS-77275044-010', 'LI-830-3', 'Analizador de CO2, sin pantalla y sin bomba', 'INSTRUMENTO', 'CO2', 'Analizador de Gas', NULL, 12, 'LI-830', NULL, 12, 30, 3.6, NULL, NULL, NULL, '222.3x152.5x76.2', 1000, NULL, NULL, NULL, NULL, -20, 45, NULL, NULL, 0, 95, NULL, NULL, 'CE', NULL, NULL, FALSE, NULL, 'sin bomba ni pantalla', TRUE, NULL, NULL, NULL, '2025-11-18T14:47:55.054Z', '2025-11-18T14:57:08.739Z');
INSERT INTO articles (article_id, sap_itemcode, sap_description, article_type, category, family, subfamily, manufacturer_id, model, variant, power_supply_min_v, power_supply_max_v, power_consumption_typ_w, current_max_a, voltage_rating_v, ip_rating, dimensions_mm, weight_g, length_m, diameter_mm, material, color, oper_temp_min_c, oper_temp_max_c, storage_temp_min_c, storage_temp_max_c, oper_humidity_min_pct, oper_humidity_max_pct, altitude_max_m, emc_compliance, certifications, first_release_year, last_revision_year, discontinued, replacement_article_id, internal_notes, active, stock_location, min_stock, current_stock, created_at, updated_at) VALUES ('INS-78600017-145', 'LI-190R-BNC-2', 'Sensor Quantum (PAR), conector BNC, 2 m cable', 'INSTRUMENTO', 'Radiación', 'Piranómetro', 'Biociencia', 12, 'LI-190R', 'LI-190R-BNC', NULL, NULL, NULL, NULL, NULL, NULL, '23.6x23.6x36.3', 84, NULL, NULL, NULL, NULL, -40, -65, NULL, NULL, NULL, NULL, NULL, NULL, NULL, NULL, NULL, FALSE, NULL, NULL, TRUE, NULL, NULL, NULL, '2025-11-18T15:10:00.029Z', '2025-11-18T15:10:00.029Z');

-- documents
INSERT INTO documents (document_id, article_id, type, title, language, revision, publish_date, url_or_path, sha256, notes) VALUES (2, 'INS-32026024-670', 'manual', 'MN_KZ_SMP10', 'EN', NULL, NULL, 'Y:\\Proyectos\\Soluciones\\Documentacion_IA\\Documents\\Manuals\\Kipp & zonen B.V', NULL, NULL);
INSERT INTO documents (document_id, article_id, type, title, language, revision, publish_date, url_or_path, sha256, notes) VALUES (5, 'INS-35091180-602', 'datasheet', 'DS_KZ_SMP6', 'EN', NULL, NULL, 'Y:\\Proyectos\\Soluciones\\Documentacion_IA\\Documents\\Datasheets\\Kipp & zonen B.V', NULL, NULL);
INSERT INTO documents (document_id, article_id, type, title, language, revision, publish_date, url_or_path, sha256, notes) VALUES (6, 'INS-35091180-602', 'manual', 'MN_KZ_SMPX', 'EN', NULL, NULL, 'Y:\\Proyectos\\Soluciones\\Documentacion_IA\\Documents\\Manuals\\Kipp & zonen B.V', NULL, NULL);
INSERT INTO documents (document_id, article_id, type, title, language, revision, publish_date, url_or_path, sha256, notes) VALUES (7, 'INS-35688466-509', 'datasheet', 'DS_KZ_SMP6', 'EN', NULL, NULL, 'Y:\\Proyectos\\Soluciones\\Documentacion_IA\\Documents\\Datasheets\\Kipp & zonen B.V', NULL, NULL);
INSERT INTO documents (document_id, article_id, type, title, language, revision, publish_date, url_or_path, sha256, notes) VALUES (8, 'INS-35688466-509', 'manual', 'MN_ZK_SMPX', 'EN', NULL, NULL, 'Y:\\Proyectos\\Soluciones\\Documentacion_IA\\Documents\\Manuals\\Kipp & zonen B.V', NULL, NULL);
INSERT INTO documents (document_id, article_id, type, title, language, revision, publish_date, url_or_path, sha256, notes) VALUES (11, 'INS-33006027-138', 'manual', 'MN_KZ_SGR4', 'EN', NULL, NULL, 'MN_KZ_SGR4', NULL, NULL);
INSERT INTO documents (document_id, article_id, type, title, language, revision, publish_date, url_or_path, sha256, notes) VALUES (12, 'INS-33006027-138', 'datasheet', 'DS_KZ_SGR4', 'EN', NULL, NULL, 'Y:\\Proyectos\\Soluciones\\Documentacion_IA\\Documents\\Datasheets\\Kipp & zonen B.V', NULL, NULL);
INSERT INTO documents (document_id, article_id, type, title, language, revision, publish_date, url_or_path, sha256, notes) VALUES (17, 'INS-38903461-894', 'datasheet', 'DS_KZ_CHP1', 'EN', NULL, NULL, 'Y:\\Proyectos\\Soluciones\\Documentacion_IA\\Documents\\Datasheets\\Kipp & zonen B.V', NULL, NULL);
INSERT INTO documents (document_id, article_id, type, title, language, revision, publish_date, url_or_path, sha256, notes) VALUES (18, 'INS-38903461-894', 'manual', 'MN_KZ_CHP1_ES', 'ES', NULL, NULL, 'Y:\\Proyectos\\Soluciones\\Documentacion_IA\\Documents\\Manuals\\Kipp & zonen B.V', NULL, NULL);
INSERT INTO documents (document_id, article_id, type, title, language, revision, publish_date, url_or_path, sha256, notes) VALUES (19, 'INS-38903461-894', 'manual', 'MN_KZ_CHP1_EN', 'EN', NULL, NULL, 'Y:\\Proyectos\\Soluciones\\Documentacion_IA\\Documents\\Manuals\\Kipp & zonen B.V', NULL, NULL);
INSERT INTO documents (document_id, article_id, type, title, language, revision, publish_date, url_or_path, sha256, notes) VALUES (22, 'SOP-43278213-280', 'datasheet', 'DS_KZ_SOLYS2', 'EN', NULL, NULL, 'Y:\\Proyectos\\Soluciones\\Documentacion_IA\\Documents\\Datasheets\\Kipp & zonen B.V', NULL, NULL);
INSERT INTO documents (document_id, article_id, type, title, language, revision, publish_date, url_or_path, sha256, notes) VALUES (23, 'SOP-43278213-280', 'manual', 'MN_KZ_SOLYS2', 'EN', NULL, NULL, 'Y:\\Proyectos\\Soluciones\\Documentacion_IA\\Documents\\Manuals\\Kipp & zonen B.V', NULL, NULL);
INSERT INTO documents (document_id, article_id, type, title, language, revision, publish_date, url_or_path, sha256, notes) VALUES (28, 'INS-37950745-512', 'manual', 'MN_KZ_CMP6_ES', 'ES', NULL, NULL, 'Y:\\Proyectos\\Soluciones\\Documentacion_IA\\Documents\\Manuals\\Kipp & zonen B.V', NULL, NULL);
INSERT INTO documents (document_id, article_id, type, title, language, revision, publish_date, url_or_path, sha256, notes) VALUES (29, 'INS-37950745-512', 'manual', 'MN_KZ_CMP6_EN', 'EN', NULL, NULL, 'Y:\\Proyectos\\Soluciones\\Documentacion_IA\\Documents\\Manuals\\Kipp & zonen B.V', NULL, NULL);
INSERT INTO documents (document_id, article_id, type, title, language, revision, publish_date, url_or_path, sha256, notes) VALUES (31, 'INS-44372953-644', 'manual', 'MN_KZ_RAZON+', 'EN', NULL, NULL, 'Y:\\Proyectos\\Soluciones\\Documentacion_IA\\Documents\\Manuals\\Kipp & zonen B.V', NULL, NULL);
INSERT INTO documents (document_id, article_id, type, title, language, revision, publish_date, url_or_path, sha256, notes) VALUES (43, 'TLS-48931558-757', 'datasheet', 'DS_KZ_CVF4', 'ES', NULL, NULL, 'Y:\\Proyectos\\Soluciones\\Documentacion_IA\\Documents\\Datasheets\\Kipp & zonen B.V', NULL, NULL);
INSERT INTO documents (document_id, article_id, type, title, language, revision, publish_date, url_or_path, sha256, notes) VALUES (44, 'TLS-48931558-757', 'manual', 'MN_KZ_CVF4', 'EN', NULL, NULL, 'Y:\\Proyectos\\Soluciones\\Documentacion_IA\\Documents\\Manuals\\Kipp & zonen B.V', NULL, NULL);
INSERT INTO documents (document_id, article_id, type, title, language, revision, publish_date, url_or_path, sha256, notes) VALUES (48, 'INS-56173920-037', 'manual', 'MN_KZ_SUVX', 'EN', NULL, NULL, 'Y:\\Proyectos\\Soluciones\\Documentacion_IA\\Documents\\Manuals\\Kipp & zonen B.V', NULL, NULL);
INSERT INTO documents (document_id, article_id, type, title, language, revision, publish_date, url_or_path, sha256, notes) VALUES (49, 'INS-56173920-037', 'datasheet', 'IS_KZ_SUVX', 'ES', NULL, NULL, 'Y:\\Proyectos\\Soluciones\\Documentacion_IA\\Documents\\Instructionsheets', NULL, NULL);
INSERT INTO documents (document_id, article_id, type, title, language, revision, publish_date, url_or_path, sha256, notes) VALUES (50, 'INS-56173920-037', 'datasheet', 'DS_KZ_SUVX', 'EN', NULL, NULL, 'Y:\\Proyectos\\Soluciones\\Documentacion_IA\\Documents\\Datasheets\\Kipp & zonen B.V', NULL, NULL);
INSERT INTO documents (document_id, article_id, type, title, language, revision, publish_date, url_or_path, sha256, notes) VALUES (51, 'INS-51535670-535', 'manual', 'MN_KZ_SUVX', 'EN', NULL, NULL, 'Y:\\Proyectos\\Soluciones\\Documentacion_IA\\Documents\\Manuals\\Kipp & zonen B.V', NULL, NULL);
INSERT INTO documents (document_id, article_id, type, title, language, revision, publish_date, url_or_path, sha256, notes) VALUES (52, 'INS-51535670-535', 'datasheet', 'DS_KZ_SUVX', 'EN', NULL, NULL, 'Y:\\Proyectos\\Soluciones\\Documentacion_IA\\Documents\\Datasheets\\Kipp & zonen B.V', NULL, NULL);
INSERT INTO documents (document_id, article_id, type, title, language, revision, publish_date, url_or_path, sha256, notes) VALUES (53, 'INS-51535670-535', 'datasheet', 'IS_KZ_SUVX', 'EN', NULL, NULL, 'Y:\\Proyectos\\Soluciones\\Documentacion_IA\\Documents\\Instructionsheets', NULL, NULL);
INSERT INTO documents (document_id, article_id, type, title, language, revision, publish_date, url_or_path, sha256, notes) VALUES (55, 'INS-36389913-196', 'manual', 'MN_TH_4.920X.XX.XXX_1', 'EN', NULL, NULL, 'Y:\\Proyectos\\Soluciones\\Documentacion_IA\\Documents\\Manuals\\Thies', NULL, NULL);
INSERT INTO documents (document_id, article_id, type, title, language, revision, publish_date, url_or_path, sha256, notes) VALUES (56, 'INS-36389913-196', 'manual', 'MN_TH_4.920X.XX.XXX_2', 'EN', NULL, NULL, 'Y:\\Proyectos\\Soluciones\\Documentacion_IA\\Documents\\Manuals\\Thies', NULL, NULL);
INSERT INTO documents (document_id, article_id, type, title, language, revision, publish_date, url_or_path, sha256, notes) VALUES (58, 'INS-41087382-324', 'manual', 'MN_TH_4.3875.60.340', 'EN', NULL, NULL, 'Y:\\Proyectos\\Soluciones\\Documentacion_IA\\Documents\\Manuals\\Thies', NULL, NULL);
INSERT INTO documents (document_id, article_id, type, title, language, revision, publish_date, url_or_path, sha256, notes) VALUES (61, 'INS-44576087-235', 'manual', 'MN_TH_4.312X.XX.XXX', 'EN', NULL, NULL, 'Y:\\Proyectos\\Soluciones\\Documentacion_IA\\Documents\\Manuals\\Thies', NULL, NULL);
INSERT INTO documents (document_id, article_id, type, title, language, revision, publish_date, url_or_path, sha256, notes) VALUES (62, 'INS-17908102-635', 'manual', 'MN_TH_4.312X.XX.XXX', 'EN', NULL, NULL, 'Y:\\Proyectos\\Soluciones\\Documentacion_IA\\Documents\\Manuals\\Thies', NULL, NULL);
INSERT INTO documents (document_id, article_id, type, title, language, revision, publish_date, url_or_path, sha256, notes) VALUES (67, 'INS-46020925-193', 'manual', 'MN_TH_4.920X.XX.XXX_1', 'EN', NULL, NULL, 'Y:\\Proyectos\\Soluciones\\Documentacion_IA\\Documents\\Manuals\\Thies', NULL, NULL);
INSERT INTO documents (document_id, article_id, type, title, language, revision, publish_date, url_or_path, sha256, notes) VALUES (68, 'INS-46020925-193', 'manual', 'MN_TH_4.920X.XX.XXX_2', 'EN', NULL, NULL, 'Y:\\Proyectos\\Soluciones\\Documentacion_IA\\Documents\\Manuals\\Thies', NULL, NULL);
INSERT INTO documents (document_id, article_id, type, title, language, revision, publish_date, url_or_path, sha256, notes) VALUES (69, 'INS-05860683-115', 'manual', 'MN_TH_1.1005.X4.XXX', 'EN', NULL, NULL, 'Y:\\Proyectos\\Soluciones\\Documentacion_IA\\Documents\\Manuals\\Thies', NULL, NULL);
INSERT INTO documents (document_id, article_id, type, title, language, revision, publish_date, url_or_path, sha256, notes) VALUES (74, 'OTH-07901603-460', 'manual', 'MN_TH_4.382X.0X.XXX', 'ES', NULL, NULL, 'Y:\\Proyectos\\Soluciones\\Documentacion_IA\\Documents\\Manuals\\Thies', NULL, NULL);
INSERT INTO documents (document_id, article_id, type, title, language, revision, publish_date, url_or_path, sha256, notes) VALUES (75, 'OTH-07748437-421', 'manual', 'MN_TH_4.382X.0X.XXX', 'ES', NULL, NULL, 'Y:\\Proyectos\\Soluciones\\Documentacion_IA\\Documents\\Manuals\\Thies', NULL, NULL);
INSERT INTO documents (document_id, article_id, type, title, language, revision, publish_date, url_or_path, sha256, notes) VALUES (76, 'INS-11891082-411', 'manual', 'MN_TH_4.3129.60.XXX', 'ES', NULL, NULL, 'Y:\\Proyectos\\Soluciones\\Documentacion_IA\\Documents\\Manuals\\Thies', NULL, NULL);
INSERT INTO documents (document_id, article_id, type, title, language, revision, publish_date, url_or_path, sha256, notes) VALUES (77, 'INS-13619327-055', 'manual', 'MN_TH_4.3520.X0.XX0', 'EN', NULL, NULL, 'Y:\\Proyectos\\Soluciones\\Documentacion_IA\\Documents\\Manuals\\Thies', NULL, NULL);
INSERT INTO documents (document_id, article_id, type, title, language, revision, publish_date, url_or_path, sha256, notes) VALUES (78, 'INS-16419331-954', 'manual', 'MN_TH_5.4032.35.228', 'EN', NULL, NULL, 'Y:\\Proyectos\\Soluciones\\Documentacion_IA\\Documents\\Manuals\\Thies', NULL, NULL);
INSERT INTO documents (document_id, article_id, type, title, language, revision, publish_date, url_or_path, sha256, notes) VALUES (79, 'INS-16530352-315', 'manual', 'MN_TH_1.1005.X4.XXX', 'EN', NULL, NULL, 'Y:\\Proyectos\\Soluciones\\Documentacion_IA\\Documents\\Manuals\\Thies', NULL, NULL);
INSERT INTO documents (document_id, article_id, type, title, language, revision, publish_date, url_or_path, sha256, notes) VALUES (80, 'INS-17812390-338', 'manual', 'MN_4.3519.X0.XXX', 'EN', NULL, NULL, 'Y:\\Proyectos\\Soluciones\\Documentacion_IA\\Documents\\Manuals\\Thies', NULL, NULL);
INSERT INTO documents (document_id, article_id, type, title, language, revision, publish_date, url_or_path, sha256, notes) VALUES (82, 'INS-18540070-112', 'manual', 'MN_TH_4.3129.X0.XX0', 'EN', NULL, NULL, 'Y:\\Proyectos\\Soluciones\\Documentacion_IA\\Documents\\Manuals\\Thies', NULL, NULL);
INSERT INTO documents (document_id, article_id, type, title, language, revision, publish_date, url_or_path, sha256, notes) VALUES (85, 'INS-19895285-335', 'manual', 'MN_TH_5.4032.XX.00X', 'EN', NULL, NULL, 'Y:\\Proyectos\\Soluciones\\Documentacion_IA\\Documents\\Manuals\\Thies', NULL, NULL);
INSERT INTO documents (document_id, article_id, type, title, language, revision, publish_date, url_or_path, sha256, notes) VALUES (88, 'SOP-06655308-233', 'manual', 'MN_TH_4.3171.3x.000', 'EN', NULL, NULL, 'Y:\\Proyectos\\Soluciones\\Documentacion_IA\\Documents\\Manuals\\Thies', NULL, NULL);
INSERT INTO documents (document_id, article_id, type, title, language, revision, publish_date, url_or_path, sha256, notes) VALUES (89, 'INS-65672084-650', 'manual', 'MN_TH_4.3821.X1.000', 'EN', NULL, NULL, 'Y:\\Proyectos\\Soluciones\\Documentacion_IA\\Documents\\Manuals\\Thies', NULL, NULL);
INSERT INTO documents (document_id, article_id, type, title, language, revision, publish_date, url_or_path, sha256, notes) VALUES (91, 'INS-69044639-789', 'manual', 'MN_TH_4.382X.XX.XXX', 'EN', NULL, NULL, 'Y:\\Proyectos\\Soluciones\\Documentacion_IA\\Documents\\Manuals\\Thies', NULL, NULL);
INSERT INTO documents (document_id, article_id, type, title, language, revision, publish_date, url_or_path, sha256, notes) VALUES (93, 'INS-70277851-610', 'manual', 'MN_TH_4.3519.XX.XXX', 'EN', NULL, NULL, 'Y:\\Proyectos\\Soluciones\\Documentacion_IA\\Documents\\Manuals\\Thies', NULL, NULL);
INSERT INTO documents (document_id, article_id, type, title, language, revision, publish_date, url_or_path, sha256, notes) VALUES (94, 'GTW-71966786-530', 'manual', 'MN_TH_4.3348.20.XXX', 'EN', NULL, NULL, 'Y:\\Proyectos\\Soluciones\\Documentacion_IA\\Documents\\Manuals\\Thies', NULL, NULL);
INSERT INTO documents (document_id, article_id, type, title, language, revision, publish_date, url_or_path, sha256, notes) VALUES (95, 'INS-72590787-158', 'manual', 'MN_TH_1.1005.54.001', 'EN', NULL, NULL, 'Y:\\Proyectos\\Soluciones\\Documentacion_IA\\Documents\\Manuals\\Thies', NULL, NULL);
INSERT INTO documents (document_id, article_id, type, title, language, revision, publish_date, url_or_path, sha256, notes) VALUES (96, 'INS-73833958-993', 'manual', 'MN_TH_4.920X.XX.XXX_1', 'EN', NULL, NULL, 'Y:\\Proyectos\\Soluciones\\Documentacion_IA\\Documents\\Manuals\\Thies', NULL, NULL);
INSERT INTO documents (document_id, article_id, type, title, language, revision, publish_date, url_or_path, sha256, notes) VALUES (97, 'INS-77465403-487', 'manual', 'MN_LIC_830_1', 'EN', NULL, NULL, 'Y:\\Proyectos\\Soluciones\\Documentacion_IA\\Documents\\Manuals\\Li-Cor', NULL, NULL);
INSERT INTO documents (document_id, article_id, type, title, language, revision, publish_date, url_or_path, sha256, notes) VALUES (98, 'INS-77465403-487', 'manual', 'MN_LIC_830_2', 'EN', NULL, NULL, 'Y:\\Proyectos\\Soluciones\\Documentacion_IA\\Documents\\Manuals\\Li-Cor', NULL, NULL);
INSERT INTO documents (document_id, article_id, type, title, language, revision, publish_date, url_or_path, sha256, notes) VALUES (99, 'INS-80200902-881', 'manual', 'MN_LIC_200R', 'EN', NULL, NULL, 'Y:\\Proyectos\\Soluciones\\Documentacion_IA\\Documents\\Manuals\\Li-Cor', NULL, NULL);
INSERT INTO documents (document_id, article_id, type, title, language, revision, publish_date, url_or_path, sha256, notes) VALUES (100, 'INS-82099821-080', 'manual', 'MN_LIC_550X', 'EN', NULL, NULL, 'Y:\\Proyectos\\Soluciones\\Documentacion_IA\\Documents\\Manuals\\Li-Cor', NULL, NULL);
INSERT INTO documents (document_id, article_id, type, title, language, revision, publish_date, url_or_path, sha256, notes) VALUES (103, 'INS-89702406-758', 'manual', 'MN_LIC_19X', 'EN', NULL, NULL, 'Y:\\Proyectos\\Soluciones\\Documentacion_IA\\Documents\\Manuals\\Li-Cor', NULL, NULL);
INSERT INTO documents (document_id, article_id, type, title, language, revision, publish_date, url_or_path, sha256, notes) VALUES (106, 'INS-77275044-010', 'manual', 'MN_LIC_830_1', 'EN', NULL, NULL, 'Y:\\Proyectos\\Soluciones\\Documentacion_IA\\Documents\\Manuals\\Li-Cor', NULL, NULL);
INSERT INTO documents (document_id, article_id, type, title, language, revision, publish_date, url_or_path, sha256, notes) VALUES (107, 'INS-77275044-010', 'manual', 'MN_LIC_830_2', 'EN', NULL, NULL, 'Y:\\Proyectos\\Soluciones\\Documentacion_IA\\Documents\\Manuals\\Li-Cor', NULL, NULL);
INSERT INTO documents (document_id, article_id, type, title, language, revision, publish_date, url_or_path, sha256, notes) VALUES (108, 'INS-78600017-145', 'manual', 'MN_LIC_19X', 'EN', NULL, NULL, 'Y:\\Proyectos\\Soluciones\\Documentacion_IA\\Documents\\Manuals\\Li-Cor', NULL, NULL);

-- images
INSERT INTO images (image_id, article_id, caption, url_or_path, credit, license, notes) VALUES (2, 'INS-35091180-602', 'Imagen frontal', 'Y:\\Proyectos\\Soluciones\\Documentacion_IA\\Documents\\Manuals\\Kipp & zonen B.V', NULL, NULL, NULL);
INSERT INTO images (image_id, article_id, caption, url_or_path, credit, license, notes) VALUES (3, 'INS-35688466-509', 'Imagen frontal', 'Y:\\Proyectos\\Soluciones\\Documentacion_IA\\Documents\\Images\\Kipp & zonen B.V', NULL, NULL, NULL);
INSERT INTO images (image_id, article_id, caption, url_or_path, credit, license, notes) VALUES (5, 'INS-33006027-138', 'Imagen frontal', 'Y:\\Proyectos\\Soluciones\\Documentacion_IA\\Documents\\Images\\Kipp & zonen B.V', NULL, NULL, NULL);
INSERT INTO images (image_id, article_id, caption, url_or_path, credit, license, notes) VALUES (7, 'INS-38903461-894', 'imagen frontal', 'Y:\\Proyectos\\Soluciones\\Documentacion_IA\\Documents\\Images\\Kipp & zonen B.V', NULL, NULL, NULL);
INSERT INTO images (image_id, article_id, caption, url_or_path, credit, license, notes) VALUES (9, 'SOP-43278213-280', 'imagen frontal', 'Y:\\Proyectos\\Soluciones\\Documentacion_IA\\Documents\\Images\\Kipp & zonen B.V', NULL, NULL, NULL);
INSERT INTO images (image_id, article_id, caption, url_or_path, credit, license, notes) VALUES (12, 'INS-37950745-512', 'imagen frontal', 'Y:\\Proyectos\\Soluciones\\Documentacion_IA\\Documents\\Images\\Kipp & zonen B.V', NULL, NULL, NULL);
INSERT INTO images (image_id, article_id, caption, url_or_path, credit, license, notes) VALUES (14, 'INS-44372953-644', 'imagen frontal', 'Y:\\Proyectos\\Soluciones\\Documentacion_IA\\Documents\\Images\\Kipp & zonen B.V', NULL, NULL, NULL);
INSERT INTO images (image_id, article_id, caption, url_or_path, credit, license, notes) VALUES (19, 'TLS-48931558-757', 'Imagen frontal', 'Y:\\Proyectos\\Soluciones\\Documentacion_IA\\Documents\\Images\\Kipp & zonen B.V', NULL, NULL, NULL);
INSERT INTO images (image_id, article_id, caption, url_or_path, credit, license, notes) VALUES (21, 'INS-56173920-037', 'imagen frontal', 'Y:\\Proyectos\\Soluciones\\Documentacion_IA\\Documents\\Images\\Kipp & zonen B.V', NULL, NULL, NULL);
INSERT INTO images (image_id, article_id, caption, url_or_path, credit, license, notes) VALUES (22, 'INS-51535670-535', 'Imagen frontal', 'Y:\\Proyectos\\Soluciones\\Documentacion_IA\\Documents\\Images\\Kipp & zonen B.V', NULL, NULL, NULL);
INSERT INTO images (image_id, article_id, caption, url_or_path, credit, license, notes) VALUES (23, 'INS-36389913-196', 'IM_TH_SENSOR_US', 'Y:\\Proyectos\\Soluciones\\Documentacion_IA\\Documents\\Images\\Thies', NULL, NULL, NULL);
INSERT INTO images (image_id, article_id, caption, url_or_path, credit, license, notes) VALUES (25, 'INS-41087382-324', 'IM_TH_2DCOMPACT', 'Y:\\Proyectos\\Soluciones\\Documentacion_IA\\Documents\\Images\\Thies', NULL, NULL, NULL);
INSERT INTO images (image_id, article_id, caption, url_or_path, credit, license, notes) VALUES (28, 'INS-44576087-235', 'IM_TH_ANEMÓMETRO', 'Y:\\Proyectos\\Soluciones\\Documentacion_IA\\Documents\\Images\\Thies', NULL, NULL, NULL);
INSERT INTO images (image_id, article_id, caption, url_or_path, credit, license, notes) VALUES (29, 'INS-17908102-635', 'IM_TH_ANEMÓMETRO', 'Y:\\Proyectos\\Soluciones\\Documentacion_IA\\Documents\\Images\\Thies', NULL, NULL, NULL);
INSERT INTO images (image_id, article_id, caption, url_or_path, credit, license, notes) VALUES (32, 'INS-46020925-193', 'IM_TH_SENSOR_US', 'Y:\\Proyectos\\Soluciones\\Documentacion_IA\\Documents\\Images\\Thies', NULL, NULL, NULL);
INSERT INTO images (image_id, article_id, caption, url_or_path, credit, license, notes) VALUES (33, 'INS-05860683-115', 'IM_TH_HIGROTÉRMICO', 'Y:\\Proyectos\\Soluciones\\Documentacion_IA\\Documents\\Images\\Thies', NULL, NULL, NULL);
INSERT INTO images (image_id, article_id, caption, url_or_path, credit, license, notes) VALUES (37, 'OTH-07901603-460', 'IM_TH_ANTIAVES_2', 'Y:\\Proyectos\\Soluciones\\Documentacion_IA\\Documents\\Images\\Thies', NULL, NULL, NULL);
INSERT INTO images (image_id, article_id, caption, url_or_path, credit, license, notes) VALUES (38, 'OTH-07748437-421', 'IM_TH_ANTIAVES_1', 'Y:\\Proyectos\\Soluciones\\Documentacion_IA\\Documents\\Images\\Thies', NULL, NULL, NULL);
INSERT INTO images (image_id, article_id, caption, url_or_path, credit, license, notes) VALUES (39, 'INS-11891082-411', 'IM_TH_ANEMÓMETRO', 'Y:\\Proyectos\\Soluciones\\Documentacion_IA\\Documents\\Images\\Thies', NULL, NULL, NULL);
INSERT INTO images (image_id, article_id, caption, url_or_path, credit, license, notes) VALUES (40, 'INS-13619327-055', 'IM_TH_ANEMÓMETRO_2', 'Y:\\Proyectos\\Soluciones\\Documentacion_IA\\Documents\\Images\\Thies', NULL, NULL, NULL);
INSERT INTO images (image_id, article_id, caption, url_or_path, credit, license, notes) VALUES (41, 'INS-16419331-954', 'IM_TH_PLUVIÓMETRO_1', 'Y:\\Proyectos\\Soluciones\\Documentacion_IA\\Documents\\Images\\Thies', NULL, NULL, NULL);
INSERT INTO images (image_id, article_id, caption, url_or_path, credit, license, notes) VALUES (42, 'INS-16530352-315', 'IM_TH_HIGROTÉRMICO', 'Y:\\Proyectos\\Soluciones\\Documentacion_IA\\Documents\\Images\\Thies', NULL, NULL, NULL);
INSERT INTO images (image_id, article_id, caption, url_or_path, credit, license, notes) VALUES (43, 'INS-17812390-338', 'IM_TH_ANEMÓMETRO_2', 'Y:\\Proyectos\\Soluciones\\Documentacion_IA\\Documents\\Images\\Thies', NULL, NULL, NULL);
INSERT INTO images (image_id, article_id, caption, url_or_path, credit, license, notes) VALUES (44, 'INS-18540070-112', 'IM_TH_ANEMÓMETRO', 'Y:\\Proyectos\\Soluciones\\Documentacion_IA\\Documents\\Images\\Thies', NULL, NULL, NULL);
INSERT INTO images (image_id, article_id, caption, url_or_path, credit, license, notes) VALUES (45, 'INS-19895285-335', 'IM_TH_PLUVIÓMETRO_1', 'Y:\\Proyectos\\Soluciones\\Documentacion_IA\\Documents\\Images\\Thies', NULL, NULL, NULL);
INSERT INTO images (image_id, article_id, caption, url_or_path, credit, license, notes) VALUES (48, 'SOP-06655308-233', 'IM_TH_TRAVESAÑO', 'Y:\\Proyectos\\Soluciones\\Documentacion_IA\\Documents\\Images\\Thies', NULL, NULL, NULL);
INSERT INTO images (image_id, article_id, caption, url_or_path, credit, license, notes) VALUES (49, 'INS-65672084-650', 'IM_TH_ANEMÓMETRO_3', 'Y:\\Proyectos\\Soluciones\\Documentacion_IA\\Documents\\Images\\Thies', NULL, NULL, NULL);
INSERT INTO images (image_id, article_id, caption, url_or_path, credit, license, notes) VALUES (51, 'INS-69044639-789', 'IM_TH_ANEMÓMETRO_3', 'Y:\\Proyectos\\Soluciones\\Documentacion_IA\\Documents\\Images\\Thies', NULL, NULL, NULL);
INSERT INTO images (image_id, article_id, caption, url_or_path, credit, license, notes) VALUES (53, 'INS-70277851-610', 'IM_TH_ANEMÓMETRO_2', 'Y:\\Proyectos\\Soluciones\\Documentacion_IA\\Documents\\Images\\Thies', NULL, NULL, NULL);
INSERT INTO images (image_id, article_id, caption, url_or_path, credit, license, notes) VALUES (54, 'GTW-71966786-530', 'IM_TH_TRADUCTOR_MEDIDAS', 'Y:\\Proyectos\\Soluciones\\Documentacion_IA\\Documents\\Images\\Thies', NULL, NULL, NULL);
INSERT INTO images (image_id, article_id, caption, url_or_path, credit, license, notes) VALUES (55, 'INS-72590787-158', 'Y:\\Proyectos\\Soluciones\\Documentacion_IA\\Documents\\Manuals\\Thies', 'Y:\\Proyectos\\Soluciones\\Documentacion_IA\\Documents\\Images\\Thies', NULL, NULL, NULL);
INSERT INTO images (image_id, article_id, caption, url_or_path, credit, license, notes) VALUES (56, 'INS-73833958-993', 'IM_TH_SENSOR_US', 'Y:\\Proyectos\\Soluciones\\Documentacion_IA\\Documents\\Images\\Thies', NULL, NULL, NULL);
INSERT INTO images (image_id, article_id, caption, url_or_path, credit, license, notes) VALUES (57, 'INS-77465403-487', 'IM_LIC_GAS_ANALYZER', 'Y:\\Proyectos\\Soluciones\\Documentacion_IA\\Documents\\Images\\Li-Cor', NULL, NULL, NULL);
INSERT INTO images (image_id, article_id, caption, url_or_path, credit, license, notes) VALUES (58, 'INS-80200902-881', 'IM_LIC_PIRANÓMETRO', 'Y:\\Proyectos\\Soluciones\\Documentacion_IA\\Documents\\Images\\Li-Cor', NULL, NULL, NULL);
INSERT INTO images (image_id, article_id, caption, url_or_path, credit, license, notes) VALUES (59, 'INS-82099821-080', 'IM_LIC_ANEMÓMETRO', 'Y:\\Proyectos\\Soluciones\\Documentacion_IA\\Documents\\Images\\Li-Cor', NULL, NULL, NULL);
INSERT INTO images (image_id, article_id, caption, url_or_path, credit, license, notes) VALUES (62, 'INS-89702406-758', 'IM_LIC_FOTOSÍNTESIS', 'Y:\\Proyectos\\Soluciones\\Documentacion_IA\\Documents\\Images\\Li-Cor', NULL, NULL, NULL);
INSERT INTO images (image_id, article_id, caption, url_or_path, credit, license, notes) VALUES (64, 'INS-77275044-010', 'IM_LIC_GAS_ANALYZER', 'Y:\\Proyectos\\Soluciones\\Documentacion_IA\\Documents\\Images\\Li-Cor', NULL, NULL, NULL);
INSERT INTO images (image_id, article_id, caption, url_or_path, credit, license, notes) VALUES (65, 'INS-78600017-145', 'IM_LIC_FOTOSÍNTESIS', 'Y:\\Proyectos\\Soluciones\\Documentacion_IA\\Documents\\Images\\Li-Cor', NULL, NULL, NULL);

-- article_variables
INSERT INTO article_variables (art_var_id, article_id, variable_id, range_min, range_max, unit, accuracy_abs, accuracy_rel_pct, resolution, update_rate_hz, notes) VALUES (2, 'INS-32026024-670', 11, -400, 4000, 'W/m2', NULL, NULL, NULL, NULL, NULL);
INSERT INTO article_variables (art_var_id, article_id, variable_id, range_min, range_max, unit, accuracy_abs, accuracy_rel_pct, resolution, update_rate_hz, notes) VALUES (5, 'INS-35091180-602', 11, -200, 2000, 'W/m2', NULL, NULL, NULL, NULL, NULL);
INSERT INTO article_variables (art_var_id, article_id, variable_id, range_min, range_max, unit, accuracy_abs, accuracy_rel_pct, resolution, update_rate_hz, notes) VALUES (6, 'INS-35688466-509', 11, NULL, 1600, 'W/m2', NULL, NULL, NULL, NULL, NULL);
INSERT INTO article_variables (art_var_id, article_id, variable_id, range_min, range_max, unit, accuracy_abs, accuracy_rel_pct, resolution, update_rate_hz, notes) VALUES (8, 'INS-33006027-138', 11, NULL, 1000, 'W/m2', NULL, NULL, NULL, NULL, NULL);
INSERT INTO article_variables (art_var_id, article_id, variable_id, range_min, range_max, unit, accuracy_abs, accuracy_rel_pct, resolution, update_rate_hz, notes) VALUES (11, 'INS-38903461-894', 11, 200, 4000, 'nm', NULL, NULL, NULL, NULL, NULL);
INSERT INTO article_variables (art_var_id, article_id, variable_id, range_min, range_max, unit, accuracy_abs, accuracy_rel_pct, resolution, update_rate_hz, notes) VALUES (14, 'INS-37950745-512', 11, NULL, 2000, 'W/m²', NULL, NULL, NULL, NULL, NULL);
INSERT INTO article_variables (art_var_id, article_id, variable_id, range_min, range_max, unit, accuracy_abs, accuracy_rel_pct, resolution, update_rate_hz, notes) VALUES (19, 'INS-56173920-037', 11, NULL, 9, 'W/m2', NULL, NULL, NULL, NULL, NULL);
INSERT INTO article_variables (art_var_id, article_id, variable_id, range_min, range_max, unit, accuracy_abs, accuracy_rel_pct, resolution, update_rate_hz, notes) VALUES (20, 'INS-51535670-535', 11, NULL, 400, 'W/m2', NULL, NULL, NULL, NULL, NULL);
INSERT INTO article_variables (art_var_id, article_id, variable_id, range_min, range_max, unit, accuracy_abs, accuracy_rel_pct, resolution, update_rate_hz, notes) VALUES (101, 'INS-41087382-324', 14, 0.01, 75, 'm/s', NULL, NULL, NULL, NULL, NULL);
INSERT INTO article_variables (art_var_id, article_id, variable_id, range_min, range_max, unit, accuracy_abs, accuracy_rel_pct, resolution, update_rate_hz, notes) VALUES (102, 'INS-41087382-324', 30, NULL, 360, 'º', NULL, NULL, NULL, NULL, NULL);
INSERT INTO article_variables (art_var_id, article_id, variable_id, range_min, range_max, unit, accuracy_abs, accuracy_rel_pct, resolution, update_rate_hz, notes) VALUES (103, 'INS-41087382-324', 1, -50, 70, 'ºC', NULL, NULL, NULL, NULL, NULL);
INSERT INTO article_variables (art_var_id, article_id, variable_id, range_min, range_max, unit, accuracy_abs, accuracy_rel_pct, resolution, update_rate_hz, notes) VALUES (105, 'INS-44576087-235', 13, NULL, 360, 'º', NULL, NULL, NULL, NULL, NULL);
INSERT INTO article_variables (art_var_id, article_id, variable_id, range_min, range_max, unit, accuracy_abs, accuracy_rel_pct, resolution, update_rate_hz, notes) VALUES (106, 'INS-17908102-635', 12, NULL, 360, 'º', NULL, NULL, NULL, NULL, NULL);
INSERT INTO article_variables (art_var_id, article_id, variable_id, range_min, range_max, unit, accuracy_abs, accuracy_rel_pct, resolution, update_rate_hz, notes) VALUES (120, 'INS-46020925-193', 1, -50, 80, 'ºC', NULL, NULL, NULL, NULL, NULL);
INSERT INTO article_variables (art_var_id, article_id, variable_id, range_min, range_max, unit, accuracy_abs, accuracy_rel_pct, resolution, update_rate_hz, notes) VALUES (121, 'INS-46020925-193', 2, 260, 126000, 'Pa', NULL, NULL, NULL, NULL, NULL);
INSERT INTO article_variables (art_var_id, article_id, variable_id, range_min, range_max, unit, accuracy_abs, accuracy_rel_pct, resolution, update_rate_hz, notes) VALUES (122, 'INS-46020925-193', 3, NULL, 100, '%RH', NULL, NULL, NULL, NULL, NULL);
INSERT INTO article_variables (art_var_id, article_id, variable_id, range_min, range_max, unit, accuracy_abs, accuracy_rel_pct, resolution, update_rate_hz, notes) VALUES (123, 'INS-46020925-193', 11, NULL, 2000, 'W/m²', NULL, NULL, NULL, NULL, NULL);
INSERT INTO article_variables (art_var_id, article_id, variable_id, range_min, range_max, unit, accuracy_abs, accuracy_rel_pct, resolution, update_rate_hz, notes) VALUES (124, 'INS-46020925-193', 13, NULL, 360, 'º', NULL, NULL, NULL, NULL, NULL);
INSERT INTO article_variables (art_var_id, article_id, variable_id, range_min, range_max, unit, accuracy_abs, accuracy_rel_pct, resolution, update_rate_hz, notes) VALUES (125, 'INS-46020925-193', 14, 0.01, 60, 'm/s', NULL, NULL, NULL, NULL, NULL);
INSERT INTO article_variables (art_var_id, article_id, variable_id, range_min, range_max, unit, accuracy_abs, accuracy_rel_pct, resolution, update_rate_hz, notes) VALUES (126, 'INS-46020925-193', 15, 0.001, 999, 'mm/h', NULL, NULL, NULL, NULL, NULL);
INSERT INTO article_variables (art_var_id, article_id, variable_id, range_min, range_max, unit, accuracy_abs, accuracy_rel_pct, resolution, update_rate_hz, notes) VALUES (127, 'INS-46020925-193', 16, 1, 150000, 'Lux', NULL, NULL, NULL, NULL, NULL);
INSERT INTO article_variables (art_var_id, article_id, variable_id, range_min, range_max, unit, accuracy_abs, accuracy_rel_pct, resolution, update_rate_hz, notes) VALUES (128, 'INS-46020925-193', 17, 5, 50, 'ºC', NULL, NULL, NULL, NULL, NULL);
INSERT INTO article_variables (art_var_id, article_id, variable_id, range_min, range_max, unit, accuracy_abs, accuracy_rel_pct, resolution, update_rate_hz, notes) VALUES (129, 'INS-46020925-193', 18, NULL, 360, 'º', NULL, NULL, NULL, NULL, NULL);
INSERT INTO article_variables (art_var_id, article_id, variable_id, range_min, range_max, unit, accuracy_abs, accuracy_rel_pct, resolution, update_rate_hz, notes) VALUES (130, 'INS-46020925-193', 19, NULL, 250, 'Lux', NULL, NULL, NULL, NULL, NULL);
INSERT INTO article_variables (art_var_id, article_id, variable_id, range_min, range_max, unit, accuracy_abs, accuracy_rel_pct, resolution, update_rate_hz, notes) VALUES (131, 'INS-46020925-193', 20, NULL, 10, 'g/m³', NULL, NULL, NULL, NULL, NULL);
INSERT INTO article_variables (art_var_id, article_id, variable_id, range_min, range_max, unit, accuracy_abs, accuracy_rel_pct, resolution, update_rate_hz, notes) VALUES (132, 'INS-46020925-193', 21, 0.01, 999, 'mm', NULL, NULL, NULL, NULL, NULL);
INSERT INTO article_variables (art_var_id, article_id, variable_id, range_min, range_max, unit, accuracy_abs, accuracy_rel_pct, resolution, update_rate_hz, notes) VALUES (133, 'INS-05860683-115', 31, NULL, 100, '%', NULL, NULL, NULL, NULL, NULL);
INSERT INTO article_variables (art_var_id, article_id, variable_id, range_min, range_max, unit, accuracy_abs, accuracy_rel_pct, resolution, update_rate_hz, notes) VALUES (134, 'INS-05860683-115', 32, -30, 70, 'ºC', NULL, NULL, NULL, NULL, NULL);
INSERT INTO article_variables (art_var_id, article_id, variable_id, range_min, range_max, unit, accuracy_abs, accuracy_rel_pct, resolution, update_rate_hz, notes) VALUES (135, 'INS-11891082-411', 13, NULL, 60, 'º', NULL, NULL, NULL, NULL, NULL);
INSERT INTO article_variables (art_var_id, article_id, variable_id, range_min, range_max, unit, accuracy_abs, accuracy_rel_pct, resolution, update_rate_hz, notes) VALUES (137, 'INS-13619327-055', 33, 0.5, 50, 'm/s', NULL, NULL, NULL, NULL, NULL);
INSERT INTO article_variables (art_var_id, article_id, variable_id, range_min, range_max, unit, accuracy_abs, accuracy_rel_pct, resolution, update_rate_hz, notes) VALUES (138, 'INS-16419331-954', 34, NULL, 15, 'mm/min', NULL, NULL, NULL, NULL, NULL);
INSERT INTO article_variables (art_var_id, article_id, variable_id, range_min, range_max, unit, accuracy_abs, accuracy_rel_pct, resolution, update_rate_hz, notes) VALUES (139, 'INS-16530352-315', 3, NULL, 100, '%rel', NULL, NULL, NULL, NULL, NULL);
INSERT INTO article_variables (art_var_id, article_id, variable_id, range_min, range_max, unit, accuracy_abs, accuracy_rel_pct, resolution, update_rate_hz, notes) VALUES (140, 'INS-16530352-315', 1, -40, 80, 'ºC', NULL, NULL, NULL, NULL, NULL);
INSERT INTO article_variables (art_var_id, article_id, variable_id, range_min, range_max, unit, accuracy_abs, accuracy_rel_pct, resolution, update_rate_hz, notes) VALUES (141, 'INS-17812390-338', 14, 5, 50, 'm/s', NULL, NULL, NULL, NULL, NULL);
INSERT INTO article_variables (art_var_id, article_id, variable_id, range_min, range_max, unit, accuracy_abs, accuracy_rel_pct, resolution, update_rate_hz, notes) VALUES (142, 'INS-18540070-112', 13, NULL, 360, 'º', NULL, NULL, NULL, NULL, NULL);
INSERT INTO article_variables (art_var_id, article_id, variable_id, range_min, range_max, unit, accuracy_abs, accuracy_rel_pct, resolution, update_rate_hz, notes) VALUES (143, 'INS-19895285-335', 34, NULL, 7, 'mm/min', NULL, NULL, NULL, NULL, NULL);
INSERT INTO article_variables (art_var_id, article_id, variable_id, range_min, range_max, unit, accuracy_abs, accuracy_rel_pct, resolution, update_rate_hz, notes) VALUES (144, 'INS-65672084-650', 14, 0.01, 75, 'm/s', NULL, NULL, NULL, NULL, NULL);
INSERT INTO article_variables (art_var_id, article_id, variable_id, range_min, range_max, unit, accuracy_abs, accuracy_rel_pct, resolution, update_rate_hz, notes) VALUES (145, 'INS-65672084-650', 13, NULL, 360, 'º', NULL, NULL, NULL, NULL, NULL);
INSERT INTO article_variables (art_var_id, article_id, variable_id, range_min, range_max, unit, accuracy_abs, accuracy_rel_pct, resolution, update_rate_hz, notes) VALUES (146, 'INS-65672084-650', 1, -50, 70, 'ºC', NULL, NULL, NULL, NULL, NULL);
INSERT INTO article_variables (art_var_id, article_id, variable_id, range_min, range_max, unit, accuracy_abs, accuracy_rel_pct, resolution, update_rate_hz, notes) VALUES (75, 'INS-36389913-196', 13, NULL, 360, 'º', NULL, NULL, NULL, NULL, NULL);
INSERT INTO article_variables (art_var_id, article_id, variable_id, range_min, range_max, unit, accuracy_abs, accuracy_rel_pct, resolution, update_rate_hz, notes) VALUES (76, 'INS-36389913-196', 14, 0.01, 60, 'm/s', NULL, NULL, NULL, NULL, NULL);
INSERT INTO article_variables (art_var_id, article_id, variable_id, range_min, range_max, unit, accuracy_abs, accuracy_rel_pct, resolution, update_rate_hz, notes) VALUES (77, 'INS-36389913-196', 15, 0.001, 999, 'mm/h', NULL, NULL, NULL, NULL, NULL);
INSERT INTO article_variables (art_var_id, article_id, variable_id, range_min, range_max, unit, accuracy_abs, accuracy_rel_pct, resolution, update_rate_hz, notes) VALUES (78, 'INS-36389913-196', 16, 1, 150000, 'Lux', NULL, NULL, NULL, NULL, NULL);
INSERT INTO article_variables (art_var_id, article_id, variable_id, range_min, range_max, unit, accuracy_abs, accuracy_rel_pct, resolution, update_rate_hz, notes) VALUES (79, 'INS-36389913-196', 1, -50, 80, 'ºC', NULL, NULL, NULL, NULL, NULL);
INSERT INTO article_variables (art_var_id, article_id, variable_id, range_min, range_max, unit, accuracy_abs, accuracy_rel_pct, resolution, update_rate_hz, notes) VALUES (80, 'INS-36389913-196', 3, NULL, 100, '%', NULL, NULL, NULL, NULL, NULL);
INSERT INTO article_variables (art_var_id, article_id, variable_id, range_min, range_max, unit, accuracy_abs, accuracy_rel_pct, resolution, update_rate_hz, notes) VALUES (81, 'INS-36389913-196', 2, 260, 126000, 'Pa', NULL, NULL, NULL, NULL, NULL);
INSERT INTO article_variables (art_var_id, article_id, variable_id, range_min, range_max, unit, accuracy_abs, accuracy_rel_pct, resolution, update_rate_hz, notes) VALUES (82, 'INS-36389913-196', 11, NULL, 2000, 'W/m²', NULL, NULL, NULL, NULL, NULL);
INSERT INTO article_variables (art_var_id, article_id, variable_id, range_min, range_max, unit, accuracy_abs, accuracy_rel_pct, resolution, update_rate_hz, notes) VALUES (83, 'INS-36389913-196', 17, 5, 50, 'ºC', NULL, NULL, NULL, NULL, NULL);
INSERT INTO article_variables (art_var_id, article_id, variable_id, range_min, range_max, unit, accuracy_abs, accuracy_rel_pct, resolution, update_rate_hz, notes) VALUES (84, 'INS-36389913-196', 18, NULL, 360, 'º', NULL, NULL, NULL, NULL, NULL);
INSERT INTO article_variables (art_var_id, article_id, variable_id, range_min, range_max, unit, accuracy_abs, accuracy_rel_pct, resolution, update_rate_hz, notes) VALUES (85, 'INS-36389913-196', 19, NULL, 250, 'Lux', NULL, NULL, NULL, NULL, NULL);
INSERT INTO article_variables (art_var_id, article_id, variable_id, range_min, range_max, unit, accuracy_abs, accuracy_rel_pct, resolution, update_rate_hz, notes) VALUES (86, 'INS-36389913-196', 20, NULL, 10, 'g/m³', NULL, NULL, NULL, NULL, NULL);
INSERT INTO article_variables (art_var_id, article_id, variable_id, range_min, range_max, unit, accuracy_abs, accuracy_rel_pct, resolution, update_rate_hz, notes) VALUES (87, 'INS-36389913-196', 21, 0.01, 999, 'mm', NULL, NULL, NULL, NULL, NULL);
INSERT INTO article_variables (art_var_id, article_id, variable_id, range_min, range_max, unit, accuracy_abs, accuracy_rel_pct, resolution, update_rate_hz, notes) VALUES (156, 'INS-69044639-789', 14, 0.01, 75, 'm/s', NULL, NULL, NULL, NULL, NULL);
INSERT INTO article_variables (art_var_id, article_id, variable_id, range_min, range_max, unit, accuracy_abs, accuracy_rel_pct, resolution, update_rate_hz, notes) VALUES (157, 'INS-69044639-789', 13, NULL, 360, 'º', NULL, NULL, NULL, NULL, NULL);
INSERT INTO article_variables (art_var_id, article_id, variable_id, range_min, range_max, unit, accuracy_abs, accuracy_rel_pct, resolution, update_rate_hz, notes) VALUES (158, 'INS-69044639-789', 1, -50, 70, 'ºC', NULL, NULL, NULL, NULL, NULL);
INSERT INTO article_variables (art_var_id, article_id, variable_id, range_min, range_max, unit, accuracy_abs, accuracy_rel_pct, resolution, update_rate_hz, notes) VALUES (159, 'INS-70277851-610', 14, NULL, 50, 'm/s', NULL, NULL, NULL, NULL, NULL);
INSERT INTO article_variables (art_var_id, article_id, variable_id, range_min, range_max, unit, accuracy_abs, accuracy_rel_pct, resolution, update_rate_hz, notes) VALUES (160, 'INS-72590787-158', 3, NULL, 100, '%rel', NULL, NULL, NULL, NULL, NULL);
INSERT INTO article_variables (art_var_id, article_id, variable_id, range_min, range_max, unit, accuracy_abs, accuracy_rel_pct, resolution, update_rate_hz, notes) VALUES (161, 'INS-72590787-158', 1, -30, 50, 'ºC', NULL, NULL, NULL, NULL, NULL);
INSERT INTO article_variables (art_var_id, article_id, variable_id, range_min, range_max, unit, accuracy_abs, accuracy_rel_pct, resolution, update_rate_hz, notes) VALUES (168, 'INS-73833958-993', 14, 0.01, 60, 'm/s', NULL, NULL, NULL, NULL, NULL);
INSERT INTO article_variables (art_var_id, article_id, variable_id, range_min, range_max, unit, accuracy_abs, accuracy_rel_pct, resolution, update_rate_hz, notes) VALUES (169, 'INS-73833958-993', 13, NULL, 360, 'º', NULL, NULL, NULL, NULL, NULL);
INSERT INTO article_variables (art_var_id, article_id, variable_id, range_min, range_max, unit, accuracy_abs, accuracy_rel_pct, resolution, update_rate_hz, notes) VALUES (170, 'INS-73833958-993', 1, -50, 80, 'ºC', NULL, NULL, NULL, NULL, NULL);
INSERT INTO article_variables (art_var_id, article_id, variable_id, range_min, range_max, unit, accuracy_abs, accuracy_rel_pct, resolution, update_rate_hz, notes) VALUES (171, 'INS-77465403-487', 35, NULL, 20000, 'ppm', NULL, NULL, NULL, NULL, NULL);
INSERT INTO article_variables (art_var_id, article_id, variable_id, range_min, range_max, unit, accuracy_abs, accuracy_rel_pct, resolution, update_rate_hz, notes) VALUES (172, 'INS-80200902-881', 11, NULL, 2000, 'W/m2', NULL, NULL, NULL, NULL, NULL);
INSERT INTO article_variables (art_var_id, article_id, variable_id, range_min, range_max, unit, accuracy_abs, accuracy_rel_pct, resolution, update_rate_hz, notes) VALUES (178, 'INS-82099821-080', 13, NULL, 360, 'º', NULL, NULL, NULL, NULL, NULL);
INSERT INTO article_variables (art_var_id, article_id, variable_id, range_min, range_max, unit, accuracy_abs, accuracy_rel_pct, resolution, update_rate_hz, notes) VALUES (179, 'INS-82099821-080', 14, NULL, 50, 'm/s', NULL, NULL, NULL, NULL, NULL);
INSERT INTO article_variables (art_var_id, article_id, variable_id, range_min, range_max, unit, accuracy_abs, accuracy_rel_pct, resolution, update_rate_hz, notes) VALUES (180, 'INS-82099821-080', 1, -20, 72, 'ºC', NULL, NULL, NULL, NULL, NULL);
INSERT INTO article_variables (art_var_id, article_id, variable_id, range_min, range_max, unit, accuracy_abs, accuracy_rel_pct, resolution, update_rate_hz, notes) VALUES (181, 'INS-82099821-080', 2, 50, 115000, 'Pa', NULL, NULL, NULL, NULL, NULL);
INSERT INTO article_variables (art_var_id, article_id, variable_id, range_min, range_max, unit, accuracy_abs, accuracy_rel_pct, resolution, update_rate_hz, notes) VALUES (182, 'INS-82099821-080', 3, NULL, 100, '%rh', NULL, NULL, NULL, NULL, NULL);
INSERT INTO article_variables (art_var_id, article_id, variable_id, range_min, range_max, unit, accuracy_abs, accuracy_rel_pct, resolution, update_rate_hz, notes) VALUES (185, 'INS-89702406-758', 11, 400, 700, 'μmol s-1 m-2', NULL, NULL, NULL, NULL, NULL);
INSERT INTO article_variables (art_var_id, article_id, variable_id, range_min, range_max, unit, accuracy_abs, accuracy_rel_pct, resolution, update_rate_hz, notes) VALUES (186, 'INS-77275044-010', 35, NULL, 20000, 'ppm', NULL, NULL, NULL, NULL, NULL);
INSERT INTO article_variables (art_var_id, article_id, variable_id, range_min, range_max, unit, accuracy_abs, accuracy_rel_pct, resolution, update_rate_hz, notes) VALUES (187, 'INS-78600017-145', 11, 400, 700, 'μmol s-1 m-2', NULL, NULL, NULL, NULL, NULL);

-- analog_outputs
INSERT INTO analog_outputs (analog_out_id, article_id, type, num_channels, range_min, range_max, unit, load_min_ohm, load_max_ohm, accuracy, scaling_notes) VALUES (2, 'INS-32026024-670', 'Current_4_20mA', 1, NULL, NULL, 'mA', NULL, NULL, NULL, NULL);
INSERT INTO analog_outputs (analog_out_id, article_id, type, num_channels, range_min, range_max, unit, load_min_ohm, load_max_ohm, accuracy, scaling_notes) VALUES (4, 'INS-35091180-602', 'Other', 1, NULL, NULL, 'V', NULL, NULL, NULL, NULL);
INSERT INTO analog_outputs (analog_out_id, article_id, type, num_channels, range_min, range_max, unit, load_min_ohm, load_max_ohm, accuracy, scaling_notes) VALUES (5, 'INS-35688466-509', 'Current_4_20mA', 1, NULL, NULL, 'mA', NULL, NULL, NULL, NULL);
INSERT INTO analog_outputs (analog_out_id, article_id, type, num_channels, range_min, range_max, unit, load_min_ohm, load_max_ohm, accuracy, scaling_notes) VALUES (6, 'INS-33006027-138', 'Current_4_20mA', 1, NULL, NULL, 'mA', NULL, NULL, NULL, NULL);
INSERT INTO analog_outputs (analog_out_id, article_id, type, num_channels, range_min, range_max, unit, load_min_ohm, load_max_ohm, accuracy, scaling_notes) VALUES (7, 'INS-37950745-512', 'Other', 1, NULL, NULL, 'uV/Wm2', NULL, NULL, NULL, NULL);
INSERT INTO analog_outputs (analog_out_id, article_id, type, num_channels, range_min, range_max, unit, load_min_ohm, load_max_ohm, accuracy, scaling_notes) VALUES (8, 'INS-44372953-644', 'Current_4_20mA', 1, NULL, NULL, 'mA', NULL, NULL, NULL, NULL);
INSERT INTO analog_outputs (analog_out_id, article_id, type, num_channels, range_min, range_max, unit, load_min_ohm, load_max_ohm, accuracy, scaling_notes) VALUES (9, 'INS-44372953-644', 'Other', 1, NULL, NULL, 'V', NULL, NULL, NULL, NULL);
INSERT INTO analog_outputs (analog_out_id, article_id, type, num_channels, range_min, range_max, unit, load_min_ohm, load_max_ohm, accuracy, scaling_notes) VALUES (14, 'INS-56173920-037', 'Other', 1, NULL, NULL, 'V', NULL, NULL, NULL, NULL);
INSERT INTO analog_outputs (analog_out_id, article_id, type, num_channels, range_min, range_max, unit, load_min_ohm, load_max_ohm, accuracy, scaling_notes) VALUES (15, 'INS-51535670-535', 'Other', 1, NULL, NULL, 'V', NULL, NULL, NULL, NULL);
INSERT INTO analog_outputs (analog_out_id, article_id, type, num_channels, range_min, range_max, unit, load_min_ohm, load_max_ohm, accuracy, scaling_notes) VALUES (17, 'INS-36389913-196', 'Voltage_0_10V', 10, NULL, NULL, 'V', NULL, NULL, NULL, NULL);
INSERT INTO analog_outputs (analog_out_id, article_id, type, num_channels, range_min, range_max, unit, load_min_ohm, load_max_ohm, accuracy, scaling_notes) VALUES (20, 'INS-41087382-324', 'Voltage_0_10V', 1, NULL, NULL, 'V', NULL, NULL, NULL, NULL);
INSERT INTO analog_outputs (analog_out_id, article_id, type, num_channels, range_min, range_max, unit, load_min_ohm, load_max_ohm, accuracy, scaling_notes) VALUES (22, 'INS-44576087-235', 'Other', 1, NULL, NULL, 'Bit', NULL, NULL, NULL, NULL);
INSERT INTO analog_outputs (analog_out_id, article_id, type, num_channels, range_min, range_max, unit, load_min_ohm, load_max_ohm, accuracy, scaling_notes) VALUES (23, 'INS-17908102-635', 'Other', 4, NULL, NULL, 'Bit', NULL, NULL, NULL, NULL);
INSERT INTO analog_outputs (analog_out_id, article_id, type, num_channels, range_min, range_max, unit, load_min_ohm, load_max_ohm, accuracy, scaling_notes) VALUES (25, 'INS-46020925-193', 'Voltage_0_10V', 10, NULL, NULL, 'V', NULL, NULL, NULL, NULL);
INSERT INTO analog_outputs (analog_out_id, article_id, type, num_channels, range_min, range_max, unit, load_min_ohm, load_max_ohm, accuracy, scaling_notes) VALUES (26, 'INS-05860683-115', 'Current_4_20mA', 1, NULL, NULL, 'mA', NULL, NULL, NULL, NULL);
INSERT INTO analog_outputs (analog_out_id, article_id, type, num_channels, range_min, range_max, unit, load_min_ohm, load_max_ohm, accuracy, scaling_notes) VALUES (27, 'INS-11891082-411', 'Other', 1, NULL, NULL, 'V', NULL, NULL, NULL, NULL);
INSERT INTO analog_outputs (analog_out_id, article_id, type, num_channels, range_min, range_max, unit, load_min_ohm, load_max_ohm, accuracy, scaling_notes) VALUES (29, 'INS-13619327-055', 'Pulse', 1, NULL, NULL, 'Hz', NULL, NULL, NULL, NULL);
INSERT INTO analog_outputs (analog_out_id, article_id, type, num_channels, range_min, range_max, unit, load_min_ohm, load_max_ohm, accuracy, scaling_notes) VALUES (30, 'INS-16419331-954', 'Other', 1, NULL, NULL, 'hz', NULL, NULL, NULL, NULL);
INSERT INTO analog_outputs (analog_out_id, article_id, type, num_channels, range_min, range_max, unit, load_min_ohm, load_max_ohm, accuracy, scaling_notes) VALUES (31, 'INS-16530352-315', 'Other', 1, NULL, NULL, 'V', NULL, NULL, NULL, NULL);
INSERT INTO analog_outputs (analog_out_id, article_id, type, num_channels, range_min, range_max, unit, load_min_ohm, load_max_ohm, accuracy, scaling_notes) VALUES (32, 'INS-17812390-338', 'Other', 1, NULL, NULL, 'Hz', NULL, NULL, NULL, NULL);
INSERT INTO analog_outputs (analog_out_id, article_id, type, num_channels, range_min, range_max, unit, load_min_ohm, load_max_ohm, accuracy, scaling_notes) VALUES (33, 'INS-18540070-112', 'Other', 1, NULL, NULL, 'Bit', NULL, NULL, NULL, NULL);
INSERT INTO analog_outputs (analog_out_id, article_id, type, num_channels, range_min, range_max, unit, load_min_ohm, load_max_ohm, accuracy, scaling_notes) VALUES (34, 'INS-19895285-335', 'Other', 1, NULL, NULL, 'Hz', NULL, NULL, NULL, NULL);
INSERT INTO analog_outputs (analog_out_id, article_id, type, num_channels, range_min, range_max, unit, load_min_ohm, load_max_ohm, accuracy, scaling_notes) VALUES (35, 'INS-19895285-335', 'Other', 1, NULL, NULL, 'ms', NULL, NULL, NULL, NULL);
INSERT INTO analog_outputs (analog_out_id, article_id, type, num_channels, range_min, range_max, unit, load_min_ohm, load_max_ohm, accuracy, scaling_notes) VALUES (41, 'INS-69044639-789', 'Current_4_20mA', 1, NULL, NULL, 'mA', NULL, NULL, NULL, NULL);
INSERT INTO analog_outputs (analog_out_id, article_id, type, num_channels, range_min, range_max, unit, load_min_ohm, load_max_ohm, accuracy, scaling_notes) VALUES (42, 'INS-69044639-789', 'Voltage_0_10V', 1, NULL, NULL, 'V', NULL, NULL, NULL, NULL);
INSERT INTO analog_outputs (analog_out_id, article_id, type, num_channels, range_min, range_max, unit, load_min_ohm, load_max_ohm, accuracy, scaling_notes) VALUES (43, 'INS-69044639-789', 'Other', 1, NULL, NULL, 'mA', NULL, NULL, NULL, NULL);
INSERT INTO analog_outputs (analog_out_id, article_id, type, num_channels, range_min, range_max, unit, load_min_ohm, load_max_ohm, accuracy, scaling_notes) VALUES (44, 'INS-69044639-789', 'Other', 1, NULL, NULL, 'V', NULL, NULL, NULL, NULL);
INSERT INTO analog_outputs (analog_out_id, article_id, type, num_channels, range_min, range_max, unit, load_min_ohm, load_max_ohm, accuracy, scaling_notes) VALUES (46, 'INS-70277851-610', 'Current_4_20mA', 1, NULL, NULL, 'mA', NULL, NULL, NULL, NULL);
INSERT INTO analog_outputs (analog_out_id, article_id, type, num_channels, range_min, range_max, unit, load_min_ohm, load_max_ohm, accuracy, scaling_notes) VALUES (48, 'GTW-71966786-530', 'Other', 1, NULL, NULL, 'mA', NULL, NULL, NULL, NULL);
INSERT INTO analog_outputs (analog_out_id, article_id, type, num_channels, range_min, range_max, unit, load_min_ohm, load_max_ohm, accuracy, scaling_notes) VALUES (49, 'INS-72590787-158', 'Other', 1, NULL, NULL, 'V', NULL, NULL, NULL, NULL);
INSERT INTO analog_outputs (analog_out_id, article_id, type, num_channels, range_min, range_max, unit, load_min_ohm, load_max_ohm, accuracy, scaling_notes) VALUES (52, 'INS-73833958-993', 'Voltage_0_10V', 1, NULL, NULL, 'V', NULL, NULL, NULL, NULL);
INSERT INTO analog_outputs (analog_out_id, article_id, type, num_channels, range_min, range_max, unit, load_min_ohm, load_max_ohm, accuracy, scaling_notes) VALUES (53, 'INS-77465403-487', 'Other', 1, NULL, NULL, 'V', NULL, NULL, NULL, NULL);
INSERT INTO analog_outputs (analog_out_id, article_id, type, num_channels, range_min, range_max, unit, load_min_ohm, load_max_ohm, accuracy, scaling_notes) VALUES (54, 'INS-77465403-487', 'Other', 1, NULL, NULL, 'V', NULL, NULL, NULL, NULL);
INSERT INTO analog_outputs (analog_out_id, article_id, type, num_channels, range_min, range_max, unit, load_min_ohm, load_max_ohm, accuracy, scaling_notes) VALUES (55, 'INS-77465403-487', 'Current_4_20mA', 1, NULL, NULL, 'mA', NULL, NULL, NULL, NULL);
INSERT INTO analog_outputs (analog_out_id, article_id, type, num_channels, range_min, range_max, unit, load_min_ohm, load_max_ohm, accuracy, scaling_notes) VALUES (56, 'INS-80200902-881', 'Other', 1, NULL, NULL, 'V', NULL, NULL, NULL, NULL);
INSERT INTO analog_outputs (analog_out_id, article_id, type, num_channels, range_min, range_max, unit, load_min_ohm, load_max_ohm, accuracy, scaling_notes) VALUES (58, 'INS-89702406-758', 'Other', 1, NULL, NULL, 'mV', NULL, NULL, NULL, NULL);
INSERT INTO analog_outputs (analog_out_id, article_id, type, num_channels, range_min, range_max, unit, load_min_ohm, load_max_ohm, accuracy, scaling_notes) VALUES (59, 'INS-77275044-010', 'Other', 1, NULL, NULL, 'V', NULL, NULL, NULL, NULL);
INSERT INTO analog_outputs (analog_out_id, article_id, type, num_channels, range_min, range_max, unit, load_min_ohm, load_max_ohm, accuracy, scaling_notes) VALUES (60, 'INS-77275044-010', 'Other', 1, NULL, NULL, 'V', NULL, NULL, NULL, NULL);
INSERT INTO analog_outputs (analog_out_id, article_id, type, num_channels, range_min, range_max, unit, load_min_ohm, load_max_ohm, accuracy, scaling_notes) VALUES (61, 'INS-77275044-010', 'Current_4_20mA', 1, NULL, NULL, 'mA', NULL, NULL, NULL, NULL);

-- article_protocols
INSERT INTO article_protocols (art_proto_id, article_id, type, physical_layer, port_label, default_address, baudrate, databits, parity, stopbits, ip_address, ip_port, notes) VALUES (2, 'INS-32026024-670', 'ModbusRTU', 'RS485', 'COM4', '1', 19200, 8, 'E', 1, NULL, NULL, NULL);
INSERT INTO article_protocols (art_proto_id, article_id, type, physical_layer, port_label, default_address, baudrate, databits, parity, stopbits, ip_address, ip_port, notes) VALUES (5, 'INS-35091180-602', 'ModbusRTU', 'RS485', 'COM4', '1', 19200, 8, 'E', 1, NULL, NULL, NULL);
INSERT INTO article_protocols (art_proto_id, article_id, type, physical_layer, port_label, default_address, baudrate, databits, parity, stopbits, ip_address, ip_port, notes) VALUES (6, 'INS-35688466-509', 'ModbusRTU', 'RS485', 'COM4', '1', 19200, 8, 'E', 1, NULL, NULL, NULL);
INSERT INTO article_protocols (art_proto_id, article_id, type, physical_layer, port_label, default_address, baudrate, databits, parity, stopbits, ip_address, ip_port, notes) VALUES (7, 'INS-33006027-138', 'ModbusRTU', 'RS485', 'COM4', '1', 19200, 8, 'E', 1, NULL, NULL, NULL);
INSERT INTO article_protocols (art_proto_id, article_id, type, physical_layer, port_label, default_address, baudrate, databits, parity, stopbits, ip_address, ip_port, notes) VALUES (9, 'INS-44372953-644', 'ModbusRTU', 'RS485', 'COM2', '1', 19200, 8, 'E', 1, NULL, NULL, NULL);
INSERT INTO article_protocols (art_proto_id, article_id, type, physical_layer, port_label, default_address, baudrate, databits, parity, stopbits, ip_address, ip_port, notes) VALUES (14, 'INS-56173920-037', 'ModbusRTU', 'RS485', 'COM4', '1', 19200, 8, 'E', 1, NULL, NULL, NULL);
INSERT INTO article_protocols (art_proto_id, article_id, type, physical_layer, port_label, default_address, baudrate, databits, parity, stopbits, ip_address, ip_port, notes) VALUES (15, 'INS-51535670-535', 'ModbusRTU', 'RS485', 'COM4', '1', 19200, 8, 'E', 1, NULL, NULL, NULL);
INSERT INTO article_protocols (art_proto_id, article_id, type, physical_layer, port_label, default_address, baudrate, databits, parity, stopbits, ip_address, ip_port, notes) VALUES (24, 'INS-36389913-196', 'ModbusRTU', 'RS485', 'COM4', '00', 9600, 8, 'N', 1, NULL, NULL, 'Configurable');
INSERT INTO article_protocols (art_proto_id, article_id, type, physical_layer, port_label, default_address, baudrate, databits, parity, stopbits, ip_address, ip_port, notes) VALUES (25, 'INS-36389913-196', 'ModbusRTU', 'RS422', 'COM4', '00', 9600, 8, 'N', 1, NULL, NULL, NULL);
INSERT INTO article_protocols (art_proto_id, article_id, type, physical_layer, port_label, default_address, baudrate, databits, parity, stopbits, ip_address, ip_port, notes) VALUES (34, 'INS-41087382-324', 'ModbusRTU', 'RS485', 'COM4', '0', 9600, 8, 'N', 1, NULL, NULL, NULL);
INSERT INTO article_protocols (art_proto_id, article_id, type, physical_layer, port_label, default_address, baudrate, databits, parity, stopbits, ip_address, ip_port, notes) VALUES (35, 'INS-41087382-324', 'ModbusRTU', 'RS422', 'COM4', '0', 9600, 8, 'N', 1, NULL, NULL, NULL);
INSERT INTO article_protocols (art_proto_id, article_id, type, physical_layer, port_label, default_address, baudrate, databits, parity, stopbits, ip_address, ip_port, notes) VALUES (38, 'INS-46020925-193', 'ModbusRTU', 'RS485', 'COM4', '00', 9600, 8, 'N', 1, NULL, NULL, NULL);
INSERT INTO article_protocols (art_proto_id, article_id, type, physical_layer, port_label, default_address, baudrate, databits, parity, stopbits, ip_address, ip_port, notes) VALUES (39, 'INS-46020925-193', 'ModbusRTU', 'RS422', 'COM4', '00', 9600, 8, 'N', 1, NULL, NULL, NULL);
INSERT INTO article_protocols (art_proto_id, article_id, type, physical_layer, port_label, default_address, baudrate, databits, parity, stopbits, ip_address, ip_port, notes) VALUES (40, 'INS-65672084-650', 'ModbusRTU', 'RS485', NULL, '0', 19200, 8, 'N', 1, NULL, NULL, NULL);
INSERT INTO article_protocols (art_proto_id, article_id, type, physical_layer, port_label, default_address, baudrate, databits, parity, stopbits, ip_address, ip_port, notes) VALUES (41, 'INS-69044639-789', 'ModbusRTU', 'RS485', NULL, '0', NULL, NULL, 'N', 1, NULL, NULL, NULL);
INSERT INTO article_protocols (art_proto_id, article_id, type, physical_layer, port_label, default_address, baudrate, databits, parity, stopbits, ip_address, ip_port, notes) VALUES (44, 'GTW-71966786-530', 'ModbusRTU', 'RS485', NULL, NULL, 9600, 8, 'N', 1, NULL, NULL, NULL);
INSERT INTO article_protocols (art_proto_id, article_id, type, physical_layer, port_label, default_address, baudrate, databits, parity, stopbits, ip_address, ip_port, notes) VALUES (48, 'INS-73833958-993', 'ModbusRTU', 'RS485', 'COM4', '00', 9600, 8, 'N', 1, NULL, NULL, NULL);
INSERT INTO article_protocols (art_proto_id, article_id, type, physical_layer, port_label, default_address, baudrate, databits, parity, stopbits, ip_address, ip_port, notes) VALUES (49, 'INS-73833958-993', 'ModbusRTU', 'RS422', 'COM4', '00', 9600, 8, 'N', 1, NULL, NULL, NULL);
INSERT INTO article_protocols (art_proto_id, article_id, type, physical_layer, port_label, default_address, baudrate, databits, parity, stopbits, ip_address, ip_port, notes) VALUES (50, 'INS-77465403-487', 'ModbusRTU', 'RS232', NULL, NULL, 9600, 8, 'N', 1, NULL, NULL, NULL);
INSERT INTO article_protocols (art_proto_id, article_id, type, physical_layer, port_label, default_address, baudrate, databits, parity, stopbits, ip_address, ip_port, notes) VALUES (51, 'INS-82099821-080', 'ModbusRTU', 'RS-232', 'COM4', '1', 115200, 8, 'N', 1, NULL, NULL, NULL);
INSERT INTO article_protocols (art_proto_id, article_id, type, physical_layer, port_label, default_address, baudrate, databits, parity, stopbits, ip_address, ip_port, notes) VALUES (52, 'INS-77275044-010', 'ModbusRTU', 'RS232', NULL, NULL, 9600, 8, 'N', 1, NULL, NULL, NULL);

-- modbus_registers
INSERT INTO modbus_registers (modbus_id, article_id, function_code, address, name, description, datatype, scale, unit, rw, min, max, default_value, notes, reference_document_id) VALUES (5, 'INS-32026024-670', 4, 5, 'IO_SENSOR1_DATA', 'Temperature compensated radiation in W/m2', 'INT16', NULL, 'W/m2', 'R', NULL, NULL, NULL, NULL, NULL);
INSERT INTO modbus_registers (modbus_id, article_id, function_code, address, name, description, datatype, scale, unit, rw, min, max, default_value, notes, reference_document_id) VALUES (6, 'INS-32026024-670', 4, 6, 'IO_RAW_SENSOR1_DATA', 'Raw, non-linearized and non-temperature compensated radiation', 'INT16', NULL, NULL, 'R', NULL, NULL, NULL, NULL, NULL);
INSERT INTO modbus_registers (modbus_id, article_id, function_code, address, name, description, datatype, scale, unit, rw, min, max, default_value, notes, reference_document_id) VALUES (7, 'INS-32026024-670', 4, 7, 'IO_STDEV_SENSOR1', 'Standard deviation IO_SENSOR1_DATA', 'INT16', NULL, NULL, 'R', NULL, NULL, NULL, NULL, NULL);
INSERT INTO modbus_registers (modbus_id, article_id, function_code, address, name, description, datatype, scale, unit, rw, min, max, default_value, notes, reference_document_id) VALUES (8, 'INS-32026024-670', 4, 8, 'IO_BODY_TEMPERATURE', 'Body temperature in 0.1 °C', 'INT16', NULL, '°C', 'R', NULL, NULL, NULL, NULL, NULL);
INSERT INTO modbus_registers (modbus_id, article_id, function_code, address, name, description, datatype, scale, unit, rw, min, max, default_value, notes, reference_document_id) VALUES (13, 'INS-35091180-602', 4, 5, 'IO_SENSOR1_DATA', 'Temperature compensated radiation in W/m2', 'INT16', NULL, 'W/m2', 'R', NULL, NULL, NULL, NULL, NULL);
INSERT INTO modbus_registers (modbus_id, article_id, function_code, address, name, description, datatype, scale, unit, rw, min, max, default_value, notes, reference_document_id) VALUES (14, 'INS-35091180-602', 4, 6, 'IO_RAW_SENSOR1_DATA', 'Raw, non-linearized and non-temperature compensated radiation', 'INT16', NULL, NULL, 'R', NULL, NULL, NULL, NULL, NULL);
INSERT INTO modbus_registers (modbus_id, article_id, function_code, address, name, description, datatype, scale, unit, rw, min, max, default_value, notes, reference_document_id) VALUES (15, 'INS-35091180-602', 4, 7, 'IO_STDEV_SENSOR1', 'Standard deviation IO_SENSOR1_DATA', 'INT16', NULL, NULL, 'R', NULL, NULL, NULL, NULL, NULL);
INSERT INTO modbus_registers (modbus_id, article_id, function_code, address, name, description, datatype, scale, unit, rw, min, max, default_value, notes, reference_document_id) VALUES (16, 'INS-35091180-602', 4, 8, 'IO_BODY_TEMPERATURE', 'Body temperature in 0.1 °C', 'INT16', NULL, '°C', 'R', NULL, NULL, NULL, NULL, NULL);
INSERT INTO modbus_registers (modbus_id, article_id, function_code, address, name, description, datatype, scale, unit, rw, min, max, default_value, notes, reference_document_id) VALUES (17, 'INS-35688466-509', 4, 5, 'IO_SENSOR1_DATA', 'Temperature compensated radiation in W/m2', 'INT16', NULL, 'W/m2', 'R', NULL, NULL, NULL, NULL, NULL);
INSERT INTO modbus_registers (modbus_id, article_id, function_code, address, name, description, datatype, scale, unit, rw, min, max, default_value, notes, reference_document_id) VALUES (18, 'INS-35688466-509', 4, 6, 'IO_RAW_SENSOR1_DATA', 'Raw, non-linearized and non-temperature compensated radiation', 'INT16', NULL, NULL, 'R', NULL, NULL, NULL, NULL, NULL);
INSERT INTO modbus_registers (modbus_id, article_id, function_code, address, name, description, datatype, scale, unit, rw, min, max, default_value, notes, reference_document_id) VALUES (19, 'INS-35688466-509', 4, 7, 'IO_STDEV_SENSOR1', 'Standard deviation IO_SENSOR1_DATA', 'INT16', NULL, NULL, 'R', NULL, NULL, NULL, NULL, NULL);
INSERT INTO modbus_registers (modbus_id, article_id, function_code, address, name, description, datatype, scale, unit, rw, min, max, default_value, notes, reference_document_id) VALUES (20, 'INS-35688466-509', 4, 8, 'IO_BODY_TEMPERATURE', 'Body temperature in 0.1 °C', 'INT16', NULL, '°C', 'R', NULL, NULL, NULL, NULL, NULL);
INSERT INTO modbus_registers (modbus_id, article_id, function_code, address, name, description, datatype, scale, unit, rw, min, max, default_value, notes, reference_document_id) VALUES (21, 'INS-33006027-138', 4, 5, 'IO_SENSOR1_DATA', 'Temperature compensated radiation in W/m2', 'INT16', NULL, 'W/m2', 'R', NULL, NULL, NULL, NULL, NULL);
INSERT INTO modbus_registers (modbus_id, article_id, function_code, address, name, description, datatype, scale, unit, rw, min, max, default_value, notes, reference_document_id) VALUES (22, 'INS-33006027-138', 4, 6, 'IO_RAW_SENSOR1_DATA', 'Raw, non-linearized and non-temperature compensated radiation', 'INT16', NULL, NULL, 'R', NULL, NULL, NULL, NULL, NULL);
INSERT INTO modbus_registers (modbus_id, article_id, function_code, address, name, description, datatype, scale, unit, rw, min, max, default_value, notes, reference_document_id) VALUES (23, 'INS-33006027-138', 4, 7, 'IO_STDEV_SENSOR1', 'Standard deviation IO_SENSOR1_DATA', 'INT16', NULL, NULL, 'R', NULL, NULL, NULL, NULL, NULL);
INSERT INTO modbus_registers (modbus_id, article_id, function_code, address, name, description, datatype, scale, unit, rw, min, max, default_value, notes, reference_document_id) VALUES (24, 'INS-33006027-138', 4, 8, 'IO_BODY_TEMPERATURE', 'Body temperature in 0.1 °C', 'INT16', NULL, '°C', 'R', NULL, NULL, NULL, NULL, NULL);
INSERT INTO modbus_registers (modbus_id, article_id, function_code, address, name, description, datatype, scale, unit, rw, min, max, default_value, notes, reference_document_id) VALUES (25, 'INS-44372953-644', 2, 100, 'IV_DATE ', 'Date at end of averaging interval ', 'UNIT32', NULL, NULL, 'R', NULL, NULL, NULL, NULL, NULL);
INSERT INTO modbus_registers (modbus_id, article_id, function_code, address, name, description, datatype, scale, unit, rw, min, max, default_value, notes, reference_document_id) VALUES (26, 'INS-44372953-644', 2, 102, 'IV_TIME', 'Date at end of averaging interval ', 'UNIT32', NULL, NULL, 'R', NULL, NULL, NULL, NULL, NULL);
INSERT INTO modbus_registers (modbus_id, article_id, function_code, address, name, description, datatype, scale, unit, rw, min, max, default_value, notes, reference_document_id) VALUES (27, 'INS-44372953-644', 2, 104, 'IV_DATE_LOC', 'Local date at end of averaging interval', 'UNIT32', NULL, NULL, 'R', NULL, NULL, NULL, NULL, NULL);
INSERT INTO modbus_registers (modbus_id, article_id, function_code, address, name, description, datatype, scale, unit, rw, min, max, default_value, notes, reference_document_id) VALUES (28, 'INS-44372953-644', 2, 106, 'IV_TIME_LOC ', 'Local time at end of averaging interval ', 'UNIT32', NULL, NULL, 'R', NULL, NULL, NULL, NULL, NULL);
INSERT INTO modbus_registers (modbus_id, article_id, function_code, address, name, description, datatype, scale, unit, rw, min, max, default_value, notes, reference_document_id) VALUES (29, 'INS-44372953-644', 2, 108, 'IV_SOLAR_AZIMUTH', 'Solar azimuth in degrees at end of averaging interval ', 'FLOAT32', NULL, NULL, 'R', NULL, NULL, NULL, NULL, NULL);
INSERT INTO modbus_registers (modbus_id, article_id, function_code, address, name, description, datatype, scale, unit, rw, min, max, default_value, notes, reference_document_id) VALUES (30, 'INS-44372953-644', 2, 110, 'IV_SOLAR_ZENITH', 'Solar zenith in degrees at end of averaging interval', 'FLOAT32', NULL, NULL, 'R', NULL, NULL, NULL, NULL, NULL);
INSERT INTO modbus_registers (modbus_id, article_id, function_code, address, name, description, datatype, scale, unit, rw, min, max, default_value, notes, reference_document_id) VALUES (31, 'INS-44372953-644', 2, 112, 'IV_LATITUDE', 'IV_LATITUDE', 'FLOAT32', NULL, NULL, 'R', NULL, NULL, NULL, NULL, NULL);
INSERT INTO modbus_registers (modbus_id, article_id, function_code, address, name, description, datatype, scale, unit, rw, min, max, default_value, notes, reference_document_id) VALUES (32, 'INS-44372953-644', 2, 114, 'IV_LONGITUDE', 'Longitude in degrees east at end of averaging interval', 'FLOAT32', NULL, NULL, 'R', NULL, NULL, NULL, NULL, NULL);
INSERT INTO modbus_registers (modbus_id, article_id, function_code, address, name, description, datatype, scale, unit, rw, min, max, default_value, notes, reference_document_id) VALUES (49, 'INS-56173920-037', 4, 5, 'IO_SENSOR1_DATA6', 'Temperature compensated radiation in W/m2', 'INT16', NULL, 'W/m2', 'R', NULL, NULL, NULL, NULL, NULL);
INSERT INTO modbus_registers (modbus_id, article_id, function_code, address, name, description, datatype, scale, unit, rw, min, max, default_value, notes, reference_document_id) VALUES (50, 'INS-56173920-037', 4, 6, 'IO_RAW_SENSOR1_DATA', 'Raw, non-linearized and non-temperature compensated radiation', 'INT16', NULL, NULL, 'R', NULL, NULL, NULL, NULL, NULL);
INSERT INTO modbus_registers (modbus_id, article_id, function_code, address, name, description, datatype, scale, unit, rw, min, max, default_value, notes, reference_document_id) VALUES (51, 'INS-56173920-037', 4, 7, 'IO_STDEV_SENSOR1', 'Standard deviation IO_SENSOR1_DATA', 'INT16', NULL, NULL, 'R', NULL, NULL, NULL, NULL, NULL);
INSERT INTO modbus_registers (modbus_id, article_id, function_code, address, name, description, datatype, scale, unit, rw, min, max, default_value, notes, reference_document_id) VALUES (52, 'INS-56173920-037', 4, 8, 'IO_BODY_TEMPERATURE', 'Body temperature in 0.1 °C', 'INT16', NULL, '°C', 'R', NULL, NULL, NULL, NULL, NULL);
INSERT INTO modbus_registers (modbus_id, article_id, function_code, address, name, description, datatype, scale, unit, rw, min, max, default_value, notes, reference_document_id) VALUES (53, 'INS-51535670-535', 4, 5, 'IO_SENSOR1_DATA', 'Temperature compensated radiation in W/m2', 'INT16', NULL, 'W/m2', 'R', NULL, NULL, NULL, NULL, NULL);
INSERT INTO modbus_registers (modbus_id, article_id, function_code, address, name, description, datatype, scale, unit, rw, min, max, default_value, notes, reference_document_id) VALUES (54, 'INS-51535670-535', 4, 6, 'IO_RAW_SENSOR1_DATA', 'Raw, non-linearized and non-temperature compensated radiation', 'INT16', NULL, NULL, 'R', NULL, NULL, NULL, NULL, NULL);
INSERT INTO modbus_registers (modbus_id, article_id, function_code, address, name, description, datatype, scale, unit, rw, min, max, default_value, notes, reference_document_id) VALUES (55, 'INS-51535670-535', 4, 7, 'IO_STDEV_SENSOR1 ', 'Standard deviation IO_SENSOR1_DATA', 'INT16', NULL, NULL, 'R', NULL, NULL, NULL, NULL, NULL);
INSERT INTO modbus_registers (modbus_id, article_id, function_code, address, name, description, datatype, scale, unit, rw, min, max, default_value, notes, reference_document_id) VALUES (56, 'INS-51535670-535', 4, 8, 'IO_BODY_TEMPERATURE', 'Body temperature in 0.1 °C', 'INT16', NULL, '°C', 'R', NULL, NULL, NULL, NULL, NULL);
INSERT INTO modbus_registers (modbus_id, article_id, function_code, address, name, description, datatype, scale, unit, rw, min, max, default_value, notes, reference_document_id) VALUES (57, 'INS-36389913-196', 4, 30003, 'Average wind speed', 'Value / 10 (to 1 decimal place, e.g. 101=10.1m/s)', 'UNIT32', NULL, 'm/s', 'R', NULL, NULL, NULL, NULL, NULL);
INSERT INTO modbus_registers (modbus_id, article_id, function_code, address, name, description, datatype, scale, unit, rw, min, max, default_value, notes, reference_document_id) VALUES (58, 'INS-36389913-196', 4, 30203, 'Average wind direction', 'Value / 10 (to 1 decimal place, e.g. 1010=101.0°)', 'UNIT32', NULL, '°', 'R', NULL, NULL, NULL, NULL, NULL);
INSERT INTO modbus_registers (modbus_id, article_id, function_code, address, name, description, datatype, scale, unit, rw, min, max, default_value, notes, reference_document_id) VALUES (59, 'INS-36389913-196', 4, 30601, 'Relative humidity', 'Value / 10 (to 1 decimal place, e.g. 355=35.5%rh)', 'UNIT32', NULL, '%', 'R', NULL, NULL, NULL, NULL, NULL);
INSERT INTO modbus_registers (modbus_id, article_id, function_code, address, name, description, datatype, scale, unit, rw, min, max, default_value, notes, reference_document_id) VALUES (60, 'INS-36389913-196', 4, 30801, 'Absolute air pressure', 'Value / 100 (to 2 decimal places, e.g. 105000=1050.00hPa)', 'UNIT32', NULL, 'hPa', 'R', NULL, NULL, NULL, NULL, NULL);
INSERT INTO modbus_registers (modbus_id, article_id, function_code, address, name, description, datatype, scale, unit, rw, min, max, default_value, notes, reference_document_id) VALUES (61, 'INS-36389913-196', 4, 30401, 'Air temperature', 'Value / 10 (to 1 decimal place, e.g. 255=25.5°C)', 'UNIT32', NULL, '°C', 'R', NULL, NULL, NULL, NULL, NULL);
INSERT INTO modbus_registers (modbus_id, article_id, function_code, address, name, description, datatype, scale, unit, rw, min, max, default_value, notes, reference_document_id) VALUES (62, 'INS-36389913-196', 4, 31403, 'Precipitation intensity', 'Value (3 decimal places, e.g. 12345=12.345mm/h)', 'UNIT32', NULL, 'mm/h', 'R', NULL, NULL, NULL, NULL, NULL);
INSERT INTO modbus_registers (modbus_id, article_id, function_code, address, name, description, datatype, scale, unit, rw, min, max, default_value, notes, reference_document_id) VALUES (63, 'INS-36389913-196', 4, 31405, 'Amount of precipitation', 'Value (3 decimal places, e.g. 12345=12.345mm/d)', 'UNIT32', NULL, 'mm/d', 'R', NULL, NULL, NULL, NULL, NULL);
INSERT INTO modbus_registers (modbus_id, article_id, function_code, address, name, description, datatype, scale, unit, rw, min, max, default_value, notes, reference_document_id) VALUES (64, 'INS-36389913-196', 4, 31407, 'Type of precipitation', 'Value (no decimal place, e.g. 61=Light rain, see table 1, section 3.5.2)', 'UNIT32', NULL, 'Synop Code', 'R', NULL, NULL, NULL, NULL, NULL);
INSERT INTO modbus_registers (modbus_id, article_id, function_code, address, name, description, datatype, scale, unit, rw, min, max, default_value, notes, reference_document_id) VALUES (65, 'INS-36389913-196', 4, 30021, 'True wind', 'Value / 100 (2 decimal place, e.g. 1012=10.12m/s)', 'UNIT32', NULL, 'm/s', 'R', NULL, NULL, NULL, NULL, NULL);
INSERT INTO modbus_registers (modbus_id, article_id, function_code, address, name, description, datatype, scale, unit, rw, min, max, default_value, notes, reference_document_id) VALUES (66, 'INS-36389913-196', 4, 31223, 'Brightness, maximum value of 4 single sensors', 'Value (no decimal place, e.g. 12000=12000Lux)', 'UNIT32', NULL, 'Lux', 'R', NULL, NULL, NULL, NULL, NULL);
INSERT INTO modbus_registers (modbus_id, article_id, function_code, address, name, description, datatype, scale, unit, rw, min, max, default_value, notes, reference_document_id) VALUES (67, 'INS-41087382-324', 4, 30003, 'Mean value wind velocity', 'value / 10 (1 decimal place, e.g. 101=10.1m/s)', 'UNIT32', NULL, 'm/s', 'R', NULL, NULL, NULL, NULL, NULL);
INSERT INTO modbus_registers (modbus_id, article_id, function_code, address, name, description, datatype, scale, unit, rw, min, max, default_value, notes, reference_document_id) VALUES (68, 'INS-41087382-324', 4, 30203, 'Mean value wind direction', 'value / 10 (1 decimal place, e.g. 1010=101.0 °)', 'UNIT32', NULL, 'º', 'R', NULL, NULL, NULL, NULL, NULL);
INSERT INTO modbus_registers (modbus_id, article_id, function_code, address, name, description, datatype, scale, unit, rw, min, max, default_value, notes, reference_document_id) VALUES (69, 'INS-41087382-324', 4, 30403, 'Inside temperature of housing', 'value / 10 (1 decimal place, e.g. 355=35.5 °C)', 'UNIT32', NULL, '°C', 'R', NULL, NULL, NULL, NULL, NULL);
INSERT INTO modbus_registers (modbus_id, article_id, function_code, address, name, description, datatype, scale, unit, rw, min, max, default_value, notes, reference_document_id) VALUES (70, 'INS-41087382-324', 4, 30405, 'Acoustic temperature', 'value / 10 (1 decimal place, e.g. 255=25.5 °C)', 'UNIT32', NULL, '°C', 'R', NULL, NULL, NULL, NULL, NULL);
INSERT INTO modbus_registers (modbus_id, article_id, function_code, address, name, description, datatype, scale, unit, rw, min, max, default_value, notes, reference_document_id) VALUES (71, 'INS-46020925-193', 4, 30003, 'INS-36389913-196', 'Value / 10 (to 1 decimal place, e.g. 101=10.1m/s)', 'UNIT32', NULL, 'm/s', 'R', NULL, NULL, NULL, NULL, NULL);
INSERT INTO modbus_registers (modbus_id, article_id, function_code, address, name, description, datatype, scale, unit, rw, min, max, default_value, notes, reference_document_id) VALUES (72, 'INS-46020925-193', 4, 30203, 'Average wind direction', 'Value / 10 (to 1 decimal place, e.g. 1010=101.0°)', 'UNIT32', NULL, '°', 'R', NULL, NULL, NULL, NULL, NULL);
INSERT INTO modbus_registers (modbus_id, article_id, function_code, address, name, description, datatype, scale, unit, rw, min, max, default_value, notes, reference_document_id) VALUES (73, 'INS-46020925-193', 4, 30601, 'Relative humidity', 'Value / 10 (to 1 decimal place, e.g. 355=35.5%rh)', 'UNIT32', NULL, '%rh', 'R', NULL, NULL, NULL, NULL, NULL);
INSERT INTO modbus_registers (modbus_id, article_id, function_code, address, name, description, datatype, scale, unit, rw, min, max, default_value, notes, reference_document_id) VALUES (74, 'INS-46020925-193', 4, 30801, 'Absolute air pressure', 'Value / 100 (to 2 decimal places, e.g. 105000=1050.00hPa)', 'UNIT32', NULL, 'Pa', 'R', NULL, NULL, NULL, NULL, NULL);
INSERT INTO modbus_registers (modbus_id, article_id, function_code, address, name, description, datatype, scale, unit, rw, min, max, default_value, notes, reference_document_id) VALUES (75, 'INS-46020925-193', 4, 30401, 'Air temperature', 'Value / 10 (to 1 decimal place, e.g. 255=25.5°C)', 'UNIT32', NULL, '°C', 'R', NULL, NULL, NULL, NULL, NULL);
INSERT INTO modbus_registers (modbus_id, article_id, function_code, address, name, description, datatype, scale, unit, rw, min, max, default_value, notes, reference_document_id) VALUES (76, 'INS-46020925-193', 4, 31403, 'Precipitation intensity', 'Value (3 decimal places, e.g. 12345=12.345mm/h)', 'UNIT32', NULL, 'mm/h', 'R', NULL, NULL, NULL, NULL, NULL);
INSERT INTO modbus_registers (modbus_id, article_id, function_code, address, name, description, datatype, scale, unit, rw, min, max, default_value, notes, reference_document_id) VALUES (77, 'INS-46020925-193', 4, 31405, 'Amount of precipitation', 'Value (3 decimal places, e.g. 12345=12.345mm/d)', 'UNIT32', NULL, 'mm/d', 'R', NULL, NULL, NULL, NULL, NULL);
INSERT INTO modbus_registers (modbus_id, article_id, function_code, address, name, description, datatype, scale, unit, rw, min, max, default_value, notes, reference_document_id) VALUES (78, 'INS-46020925-193', 4, 31407, 'Type of precipitation', 'Value (no decimal place, e.g. 61=Light rain, see table 1, section 3.5.2)', 'UNIT32', NULL, 'Synop Code', 'R', NULL, NULL, NULL, NULL, NULL);
INSERT INTO modbus_registers (modbus_id, article_id, function_code, address, name, description, datatype, scale, unit, rw, min, max, default_value, notes, reference_document_id) VALUES (79, 'INS-46020925-193', 4, 30021, 'True wind', 'Value / 100 (2 decimal place, e.g. 1012=10.12m/s)', 'UNIT32', NULL, 'm/s', 'R', NULL, NULL, NULL, NULL, NULL);
INSERT INTO modbus_registers (modbus_id, article_id, function_code, address, name, description, datatype, scale, unit, rw, min, max, default_value, notes, reference_document_id) VALUES (80, 'INS-46020925-193', 4, 31223, 'Brightness, maximum value of 4 single sensors', 'Value (no decimal place, e.g. 12000=12000Lux)', 'UNIT32', NULL, 'Lux', 'R', NULL, NULL, NULL, NULL, NULL);
INSERT INTO modbus_registers (modbus_id, article_id, function_code, address, name, description, datatype, scale, unit, rw, min, max, default_value, notes, reference_document_id) VALUES (87, 'INS-73833958-993', 4, 30003, 'Average wind speed', 'Value / 10 (to 1 decimal place, e.g. 101=10.1m/s)', 'UNIT32', NULL, 'm/s', 'R', NULL, NULL, NULL, NULL, NULL);
INSERT INTO modbus_registers (modbus_id, article_id, function_code, address, name, description, datatype, scale, unit, rw, min, max, default_value, notes, reference_document_id) VALUES (88, 'INS-73833958-993', 4, 30203, 'Average wind direction', 'Value / 10 (to 1 decimal place, e.g. 1010=101.0°)', 'UNIT32', NULL, 'º', 'R', NULL, NULL, NULL, NULL, NULL);
INSERT INTO modbus_registers (modbus_id, article_id, function_code, address, name, description, datatype, scale, unit, rw, min, max, default_value, notes, reference_document_id) VALUES (89, 'INS-73833958-993', 4, 30401, 'Air temperature', 'Value / 10 (to 1 decimal place, e.g. 255=25.5°C)', 'UNIT32', NULL, 'ºC', 'R', NULL, NULL, NULL, NULL, NULL);

-- Update sequences to avoid conflicts with future inserts
SELECT setval('manufacturers_manufacturer_id_seq', (SELECT MAX(manufacturer_id) FROM manufacturers));
SELECT setval('variables_dict_variable_id_seq', (SELECT MAX(variable_id) FROM variables_dict));
SELECT setval('documents_document_id_seq', (SELECT MAX(document_id) FROM documents));
SELECT setval('images_image_id_seq', (SELECT MAX(image_id) FROM images));
SELECT setval('article_variables_art_var_id_seq', (SELECT MAX(art_var_id) FROM article_variables));
SELECT setval('analog_outputs_analog_out_id_seq', (SELECT MAX(analog_out_id) FROM analog_outputs));
SELECT setval('article_protocols_art_proto_id_seq', (SELECT MAX(art_proto_id) FROM article_protocols));
SELECT setval('modbus_registers_modbus_id_seq', (SELECT MAX(modbus_id) FROM modbus_registers));

-- Re-enable triggers
SET session_replication_role = DEFAULT;

COMMIT;

-- Export completed successfully
-- Total records:
--   Articles: 40
--   Manufacturers: 12
--   Variables: 27
--   Documents: 55
--   Images: 38
--   Article Variables: 71
--   Analog Outputs: 39
--   Digital I/O: 0
--   Protocols: 21
--   Modbus Registers: 59
--   SDI-12 Commands: 0
--   NMEA Sentences: 0
--   Tags: 0
--   Provenance: 0
